sample_id,subtype_1,subtype_2,subtype_3
22RV1_PROSTATE,0.48226478490414826,0.22296622843839137,0.2947689866574603
2313287_STOMACH,0.34304154582949836,0.3009281913723578,0.3560302627981438
253JBV_URINARY_TRACT,0.29109051246165496,0.310474896349894,0.39843459118845104
253J_URINARY_TRACT,0.26858311589001543,0.3340016079456168,0.39741527616436784
42MGBA_CENTRAL_NERVOUS_SYSTEM,0.31427042184713094,0.32192760204885784,0.36380197610401127
5637_URINARY_TRACT,0.2656640237768545,0.35123720324751306,0.38309877297563255
59M_OVARY,0.23403313916384835,0.37235632939684593,0.3936105314393058
639V_URINARY_TRACT,0.40496297425541644,0.2713452665571026,0.32369175918748094
647V_URINARY_TRACT,0.26334968656784424,0.33712256550943503,0.3995277479227208
697_HAEMATOPOIETIC_AND_LYMPHOID_TISSUE,0.3471192036798903,0.30142751556996145,0.3514532807501483
769P_KIDNEY,0.25839455663294525,0.3485800254565615,0.3930254179104933
786O_KIDNEY,0.29063896710596,0.3476196378920441,0.36174139500199587
8305C_THYROID,0.3007783078383951,0.32725100814746105,0.37197068401414374
8505C_THYROID,0.3248752750087639,0.3206720760013753,0.35445264898986084
8MGBA_CENTRAL_NERVOUS_SYSTEM,0.36312688230039303,0.2901062618231319,0.34676685587647504
A101D_SKIN,0.30690676109297615,0.31734305899275794,0.37575017991426585
A1207_CENTRAL_NERVOUS_SYSTEM,0.3173403592892592,0.3082170468344363,0.3744425938763045
A172_CENTRAL_NERVOUS_SYSTEM,0.3340976073748878,0.3121487170308092,0.35375367559430293
A204_SOFT_TISSUE,0.3703242740154193,0.2696696628499925,0.3600060631345883
A2058_SKIN,0.3729189380702353,0.2840737190825601,0.3430073428472046
A253_SALIVARY_GLAND,0.24340205594836622,0.3643215040153003,0.39227644003633355
A2780_OVARY,0.395036318821527,0.269499915125872,0.335463766052601
A375_SKIN,0.3792901288991129,0.2769827497469322,0.3437271213539549
A3KAW_HAEMATOPOIETIC_AND_LYMPHOID_TISSUE,0.3751635513212073,0.28254751190673516,0.34228893677205746
A427_LUNG,0.33075046297949046,0.29303921754337325,0.3762103194771363
A498_KIDNEY,0.2374314576292319,0.3674627777636335,0.3951057646071346
A4FUK_HAEMATOPOIETIC_AND_LYMPHOID_TISSUE,0.3871110421352641,0.26857111532837474,0.34431784253636105
A549_LUNG,0.2739386526313966,0.3353111440170192,0.3907502033515842
A673_BONE,0.45733208542879666,0.24082657375193287,0.3018413408192706
A704_KIDNEY,0.291146858380189,0.3344075022791452,0.3744456393406657
ABC1_LUNG,0.3236356593228935,0.3080335198225271,0.3683308208545794
ACCMESO1_PLEURA,0.292637266776867,0.31960094850241644,0.38776178472071654
ACHN_KIDNEY,0.2784991149844823,0.3309974032595276,0.39050348175599014
AGS_STOMACH,0.36915565262180366,0.29945038659620876,0.3313939607819876
ALLSIL_HAEMATOPOIETIC_AND_LYMPHOID_TISSUE,0.44092756881063194,0.2490110748749727,0.3100613563143954
AM38_CENTRAL_NERVOUS_SYSTEM,0.3538362304842995,0.28624085472654864,0.3599229147891517
AML193_HAEMATOPOIETIC_AND_LYMPHOID_TISSUE,0.38206630778547035,0.26748558245269205,0.35044810976183755
AMO1_HAEMATOPOIETIC_AND_LYMPHOID_TISSUE,0.297643147887042,0.3264490807633053,0.3759077713496527
AN3CA_ENDOMETRIUM,0.45774746776314856,0.2359789934617818,0.3062735387750697
ASPC1_PANCREAS,0.249455963063276,0.36363402638378406,0.38691001055293994
AU565_BREAST,0.3083649774513657,0.3149949609645746,0.3766400615840596
BC3C_URINARY_TRACT,0.2795194351442643,0.3212463530366445,0.3992342118190911
BCP1_HAEMATOPOIETIC_AND_LYMPHOID_TISSUE,0.3766250761099064,0.27838042472466806,0.34499449916542546
BCPAP_THYROID,0.32945092594084546,0.3195761502285589,0.3509729238305956
BDCM_HAEMATOPOIETIC_AND_LYMPHOID_TISSUE,0.304909044953982,0.3152985025637102,0.37979245248230775
BEN_LUNG,0.3035314217122704,0.3119358891601376,0.38453268912759203
BFTC905_URINARY_TRACT,0.2989254052727173,0.34136321965600325,0.35971137507127937
BFTC909_KIDNEY,0.29078289111798195,0.34698936205692277,0.36222774682509534
BHT101_THYROID,0.2921879375061579,0.34188860745339567,0.3659234550404465
BHY_UPPER_AERODIGESTIVE_TRACT,0.33660529600847355,0.32428703410183946,0.33910766988968694
BICR16_UPPER_AERODIGESTIVE_TRACT,0.23808138270256074,0.37974681178361397,0.38217180551382524
BICR18_UPPER_AERODIGESTIVE_TRACT,0.2579208992951194,0.3473014835618748,0.3947776171430058
BICR22_UPPER_AERODIGESTIVE_TRACT,0.23702533836997447,0.39112707254517176,0.37184758908485377
BICR31_UPPER_AERODIGESTIVE_TRACT,0.24422351833678493,0.3701766452422788,0.38559983642093637
BICR56_UPPER_AERODIGESTIVE_TRACT,0.23431404905408382,0.39659022451120607,0.36909572643471006
BICR6_UPPER_AERODIGESTIVE_TRACT,0.24962921370575622,0.3784308564870916,0.3719399298071522
BL41_HAEMATOPOIETIC_AND_LYMPHOID_TISSUE,0.3526714279141482,0.2993631704554348,0.34796540163041706
BL70_HAEMATOPOIETIC_AND_LYMPHOID_TISSUE,0.3480146040546608,0.3001707593408481,0.3518146366044912
BT12_SOFT_TISSUE,0.305367233319653,0.32497014197698776,0.3696626247033593
BT20_BREAST,0.3671922175752433,0.2896698107171499,0.3431379717076068
BT474_BREAST,0.37266797705319993,0.27485084303933244,0.35248117990746763
BT483_BREAST,0.4024654634803795,0.26491857351372194,0.3326159630058985
BT549_BREAST,0.33834922974108356,0.3105815828729719,0.35106918738594456
BV173_HAEMATOPOIETIC_AND_LYMPHOID_TISSUE,0.3183960801441081,0.3406380036703923,0.34096591618549965
BXPC3_PANCREAS,0.23542546122589694,0.3658262125984368,0.3987483261756662
C2BBE1_LARGE_INTESTINE,0.34522889915232907,0.30274057275483485,0.3520305280928361
C32_SKIN,0.33325167830802,0.3250933323088703,0.34165498938310973
C8166_HAEMATOPOIETIC_AND_LYMPHOID_TISSUE,0.3370511821212634,0.3102808004485949,0.35266801743014176
CA46_HAEMATOPOIETIC_AND_LYMPHOID_TISSUE,0.44321071023739433,0.25280138874892755,0.3039879010136781
CACO2_LARGE_INTESTINE,0.2630056059527147,0.3378906154859926,0.39910377856129275
CADOES1_BONE,0.4169082342334628,0.25671936345727286,0.32637240230926434
CAKI1_KIDNEY,0.2507449447132735,0.3504465455271212,0.3988085097596053
CAKI2_KIDNEY,0.32813766982150877,0.3003398489642862,0.37152248121420506
CAL120_BREAST,0.34429422415291505,0.2835572235947605,0.37214855225232435
CAL12T_LUNG,0.28644391613055437,0.32428962552688806,0.3892664583425575
CAL148_BREAST,0.3652846997097072,0.2728815086916903,0.3618337915986025
CAL27_UPPER_AERODIGESTIVE_TRACT,0.24634463991870995,0.3551710360492179,0.3984843240320722
CAL29_URINARY_TRACT,0.2513743927444877,0.36573097498186136,0.3828946322736509
CAL33_UPPER_AERODIGESTIVE_TRACT,0.2794403766563588,0.35130588863602774,0.3692537347076135
CAL51_BREAST,0.43683643000307765,0.2601706308007394,0.3029929391961829
CAL54_KIDNEY,0.2953504847871077,0.32641152074719587,0.37823799446569634
CAL62_THYROID,0.40911334854495923,0.2599535260650579,0.3309331253899828
CAL78_BONE,0.3775887993297414,0.2977048806518171,0.32470632001844163
CAL851_BREAST,0.2399852174085117,0.37512302664821984,0.3848917559432685
CALU1_LUNG,0.3622009253563506,0.29539285245335656,0.3424062221902929
CALU3_LUNG,0.2615022975016478,0.34900166298552565,0.3894960395128265
CALU6_LUNG,0.307913138285347,0.30282733737642714,0.3892595243382258
CAMA1_BREAST,0.44700463577795985,0.24130071197470668,0.31169465224733356
CAOV3_OVARY,0.2942670717153867,0.31304568714430286,0.3926872411403105
CAOV4_OVARY,0.35952820211284137,0.27458267589471524,0.36588912199244333
CAPAN1_PANCREAS,0.325323443256958,0.29932102460048077,0.3753555321425612
CAPAN2_PANCREAS,0.3152788509003646,0.30742310310023163,0.3772980459994037
CAS1_CENTRAL_NERVOUS_SYSTEM,0.28405020339498893,0.33148719592743947,0.38446260067757165
CCFSTTG1_CENTRAL_NERVOUS_SYSTEM,0.32779113651138775,0.31779481064176,0.3544140528468523
CCK81_LARGE_INTESTINE,0.3741431896365906,0.2699295390319568,0.3559272713314526
CFPAC1_PANCREAS,0.25559400608234933,0.3566818818606886,0.38772411205696206
CH157MN_CENTRAL_NERVOUS_SYSTEM,0.2780313559938685,0.3358297930090779,0.3861388509970536
CHAGOK1_LUNG,0.31737780601606547,0.308747929486981,0.37387426449695355
CHP126_AUTONOMIC_GANGLIA,0.4511782679380813,0.24671985758643367,0.30210187447548503
CHP212_AUTONOMIC_GANGLIA,0.4226269363099179,0.26814113001361745,0.3092319336764646
CI1_HAEMATOPOIETIC_AND_LYMPHOID_TISSUE,0.3469390587498255,0.29672334178329046,0.3563375994668841
CJM_SKIN,0.3253601604784762,0.3403858475427835,0.3342539919787403
CL11_LARGE_INTESTINE,0.28399755670993787,0.3329549804463215,0.38304746284374064
CL14_LARGE_INTESTINE,0.2781228516349132,0.32989055967795705,0.39198658868712966
CL34_LARGE_INTESTINE,0.30521077004200076,0.3022440545718803,0.3925451753861188
CL40_LARGE_INTESTINE,0.23212878209654225,0.37435028277286153,0.3935209351305962
CMK_HAEMATOPOIETIC_AND_LYMPHOID_TISSUE,0.43345163075276044,0.25084475451903226,0.3157036147282073
CMLT1_HAEMATOPOIETIC_AND_LYMPHOID_TISSUE,0.43218307794283534,0.2649805120172717,0.30283641003989303
COLO201_LARGE_INTESTINE,0.34032227266207743,0.30449159359768424,0.35518613374023833
COLO320_LARGE_INTESTINE,0.46116718341726864,0.23127281631015997,0.30756000027257124
COLO668_LUNG,0.4308992223459559,0.25613668398769657,0.31296409366634753
COLO678_LARGE_INTESTINE,0.38365733377741773,0.28090234053628416,0.33544032568629817
COLO679_SKIN,0.33415866508178166,0.294635573192964,0.37120576172525444
COLO680N_OESOPHAGUS,0.36052077270150445,0.3027170771332019,0.33676215016529376
COLO684_ENDOMETRIUM,0.4388438892136641,0.25422388229250287,0.3069322284938331
COLO741_SKIN,0.3403827415580739,0.28575521449220476,0.3738620439497214
COLO783_SKIN,0.37694865429380586,0.2880690471321168,0.3349822985740774
COLO792_SKIN,0.25393386049464284,0.347793340476655,0.3982727990287021
COLO800_SKIN,0.27961354046716347,0.3410859547399376,0.37930050479289895
COLO829_SKIN,0.3197642592132509,0.32048580474709626,0.35974993603965294
CORL105_LUNG,0.27472179602983327,0.32347882898318453,0.4017993749869822
CORL23_LUNG,0.29025775731562625,0.3200394719399291,0.38970277074444465
CORL24_LUNG,0.44865704446068977,0.2564723404313907,0.2948706151079195
CORL279_LUNG,0.4417451277689593,0.256840433625635,0.30141443860540557
CORL311_LUNG,0.47660975506160197,0.23083516218609088,0.2925550827523071
CORL47_LUNG,0.4496419328766322,0.24345665352879525,0.3069014135945726
CORL88_LUNG,0.4733006674685514,0.24049506996364065,0.28620426256780784
CORL95_LUNG,0.3967227760687449,0.284931174910975,0.31834604902028013
COV318_OVARY,0.28157994212706694,0.34029921855145306,0.37812083932148005
COV362_OVARY,0.25069002404610397,0.34898971582583205,0.4003202601280639
COV434_OVARY,0.35614375071560045,0.28909934037837354,0.35475690890602607
COV644_OVARY,0.30540793890016427,0.3141146146344324,0.38047744646540327
CW2_LARGE_INTESTINE,0.30284520163580003,0.2999555065803266,0.3971992917838734
D283MED_CENTRAL_NERVOUS_SYSTEM,0.4319181319525376,0.25551660258146913,0.31256526546599334
D341MED_CENTRAL_NERVOUS_SYSTEM,0.3830972268867438,0.29043429750975336,0.3264684756035029
DANG_PANCREAS,0.2864680008361631,0.31877069702345795,0.3947613021403791
DAOY_CENTRAL_NERVOUS_SYSTEM,0.3818649250341373,0.2895268098189964,0.3286082651468663
DAUDI_HAEMATOPOIETIC_AND_LYMPHOID_TISSUE,0.3589625353288446,0.2934788699710387,0.34755859470011663
DBTRG05MG_CENTRAL_NERVOUS_SYSTEM,0.28216619279286514,0.31842752778841554,0.39940627941871926
DB_HAEMATOPOIETIC_AND_LYMPHOID_TISSUE,0.42504041506343365,0.25314998218597196,0.3218096027505944
DEL_HAEMATOPOIETIC_AND_LYMPHOID_TISSUE,0.29959592023348286,0.33573352431412634,0.36467055545239085
DETROIT562_UPPER_AERODIGESTIVE_TRACT,0.24028656925322134,0.3739401768240196,0.3857732539227591
DKMG_CENTRAL_NERVOUS_SYSTEM,0.3616388648650473,0.3086792952026917,0.32968183993226097
DM3_FIBROBLAST,0.24169342573343605,0.3714275489337154,0.3868790253328486
DMS114_LUNG,0.4719463273510946,0.24067493267073292,0.2873787399781726
DMS153_LUNG,0.4312713071083488,0.26572884265546826,0.30299985023618276
DMS273_LUNG,0.34350227528676824,0.28936277183397485,0.36713495287925685
DMS454_LUNG,0.43200466935962484,0.24272802080063235,0.3252673098397429
DMS53_LUNG,0.4416414537439587,0.25237885713352565,0.3059796891225158
DMS79_LUNG,0.445740894048381,0.2600904488325709,0.2941686571190481
DND41_HAEMATOPOIETIC_AND_LYMPHOID_TISSUE,0.44777250724348533,0.24213725691518756,0.31009023584132706
DOHH2_HAEMATOPOIETIC_AND_LYMPHOID_TISSUE,0.33603874465204936,0.30637077178556266,0.357590483562388
DU145_PROSTATE,0.34249836522957233,0.29455167659058296,0.36294995817984466
DU4475_BREAST,0.3417439010877942,0.28956870506663823,0.36868739384556765
DV90_LUNG,0.3019275884612106,0.3083347602312962,0.3897376513074932
EB1_HAEMATOPOIETIC_AND_LYMPHOID_TISSUE,0.40561780023863503,0.27085851580030684,0.32352368396105813
EBC1_LUNG,0.3644311262629182,0.2866126001058346,0.34895627363124715
ECC10_STOMACH,0.4412786884078518,0.2561944299237245,0.3025268816684238
ECC12_STOMACH,0.45885469458131317,0.24198207249378983,0.299163232924897
ECGI10_OESOPHAGUS,0.27339200594406915,0.3615284697792867,0.36507952427664414
EFE184_ENDOMETRIUM,0.2538301418869352,0.36267899008113835,0.3834908680319264
EFM192A_BREAST,0.32178022974976583,0.2968650393045697,0.38135473094566447
EFM19_BREAST,0.34964580579687543,0.29521473285990835,0.35513946134321617
EFO21_OVARY,0.3870734782567495,0.2998459554349381,0.31308056630831255
EFO27_OVARY,0.32727248243939433,0.29386535095016325,0.3788621666104424
EHEB_HAEMATOPOIETIC_AND_LYMPHOID_TISSUE,0.3096212375063418,0.3201098503952805,0.37026891209837764
EJM_HAEMATOPOIETIC_AND_LYMPHOID_TISSUE,0.32956839160658835,0.2974364436888002,0.3729951647046114
EKVX_LUNG,0.31791241727761727,0.30037434170283234,0.38171324101955034
EM2_HAEMATOPOIETIC_AND_LYMPHOID_TISSUE,0.4029758719897485,0.2590197388614561,0.3380043891487954
EN_ENDOMETRIUM,0.4442785678753528,0.2490796997888793,0.30664173233576786
EOL1_HAEMATOPOIETIC_AND_LYMPHOID_TISSUE,0.36432520101973165,0.2837672282095212,0.3519075707707471
EPLC272H_LUNG,0.2652253527939563,0.3418045034161844,0.39297014378985934
ES2_OVARY,0.26844438374396334,0.3391094310935568,0.39244618516247975
ESS1_ENDOMETRIUM,0.3556453185677962,0.30485110210937905,0.3395035793228249
EW8_BONE,0.37123620255553613,0.27214741452850133,0.3566163829159625
EWS502_BONE,0.4764784739858895,0.2290855356078144,0.29443599040629603
F36P_HAEMATOPOIETIC_AND_LYMPHOID_TISSUE,0.2969010806318221,0.32021104741283,0.3828878719553478
FADU_UPPER_AERODIGESTIVE_TRACT,0.39455794394457566,0.26671429160794435,0.33872776444747993
FTC133_THYROID,0.2927703259026799,0.30961910428717787,0.39761056981014237
FTC238_THYROID,0.3618427414815974,0.2933003212362384,0.34485693728216416
FU97_STOMACH,0.3488291598261008,0.2884881535081057,0.36268268666579345
FUOV1_OVARY,0.3069942131087078,0.32135755600805044,0.3716482308832417
G292CLONEA141B1_BONE,0.340873172951026,0.3230916426882879,0.3360351843606861
G361_SKIN,0.37704303226448277,0.28785661340987423,0.3351003543256429
G401_SOFT_TISSUE,0.45190309302792453,0.24842632816451732,0.2996705788075582
G402_SOFT_TISSUE,0.39202785772863114,0.2710417845131575,0.3369303577582114
GA10_HAEMATOPOIETIC_AND_LYMPHOID_TISSUE,0.370292651879436,0.2899046743950571,0.3398026737255068
GAMG_CENTRAL_NERVOUS_SYSTEM,0.34284898824379745,0.3126084805675228,0.3445425311886798
GB1_CENTRAL_NERVOUS_SYSTEM,0.37534272751937425,0.28658939585652504,0.33806787662410065
GCIY_STOMACH,0.3959667217368468,0.29523039260288775,0.3088028856602655
GCT_SOFT_TISSUE,0.33832265921383325,0.3022404238768039,0.3594369169093629
GDM1_HAEMATOPOIETIC_AND_LYMPHOID_TISSUE,0.4192140313531332,0.2615705563718154,0.3192154122750515
GI1_CENTRAL_NERVOUS_SYSTEM,0.3877276767353771,0.27793269090849,0.33433963235613284
GMS10_CENTRAL_NERVOUS_SYSTEM,0.3587291596064279,0.3104793645516644,0.3307914758419076
GOS3_CENTRAL_NERVOUS_SYSTEM,0.37938011000766014,0.28597780903463615,0.3346420809577037
GP2D_LARGE_INTESTINE,0.38849317571035735,0.26881365331693335,0.3426931709727093
GRANTA519_HAEMATOPOIETIC_AND_LYMPHOID_TISSUE,0.397820948932604,0.2777892471194658,0.32438980394793027
GSS_STOMACH,0.3960884802944098,0.27273904489908757,0.3311724748065026
GSU_STOMACH,0.2709695113489347,0.3483478312139163,0.38068265743714896
H4_CENTRAL_NERVOUS_SYSTEM,0.3511188678408259,0.3048510446482767,0.34403008751089736
HARA_LUNG,0.415796610937898,0.25228078195965303,0.331922607102449
HCC1143_BREAST,0.3566154151854234,0.3124370520479229,0.3309475327666536
HCC1171_LUNG,0.3622944557937521,0.3043723386043822,0.3333332056018657
HCC1187_BREAST,0.37168342880112826,0.29979335331215845,0.3285232178867134
HCC1195_LUNG,0.2518787381232532,0.34585958698381297,0.40226167489293396
HCC1359_LUNG,0.3272787756320114,0.3221180083439283,0.3506032160240602
HCC1395_BREAST,0.3528317886089815,0.3067850643139734,0.3403831470770452
HCC1419_BREAST,0.3750271403053635,0.277435699138286,0.3475371605563505
HCC1428_BREAST,0.38826398054855443,0.27243859439348717,0.3392974250579583
HCC1438_LUNG,0.36909105169642814,0.29416707781901624,0.3367418704845556
HCC1500_BREAST,0.45397639482058244,0.23998252888583194,0.30604107629358557
HCC1569_BREAST,0.3413585916518023,0.3057653522187207,0.3528760561294769
HCC1588_LUNG,0.2503825815027405,0.36558591003709145,0.38403150846016804
HCC1599_BREAST,0.34376786238058826,0.3083593307711958,0.3478728068482159
HCC15_LUNG,0.3563501490591015,0.29444775563556247,0.349202095305336
HCC1806_BREAST,0.26163408831286816,0.35748651803007514,0.3808793936570568
HCC1833_LUNG,0.40493788347162124,0.2675595138238458,0.327502602704533
HCC1937_BREAST,0.36783816925428403,0.2872470717628969,0.3449147589828192
HCC1954_BREAST,0.35162337737370036,0.30509247861594047,0.34328414401035917
HCC202_BREAST,0.39617716904170774,0.2597508885812607,0.34407194237703154
HCC2108_LUNG,0.35200875320701713,0.2969684514269557,0.35102279536602704
HCC2157_BREAST,0.3285867773447229,0.296964495619552,0.3744487270357251
HCC2218_BREAST,0.2746770618204452,0.3485083747921322,0.37681456338742264
HCC2279_LUNG,0.25897380257402863,0.34426652989195544,0.3967596675340159
HCC2429_LUNG,0.4002841255455379,0.2587685589215219,0.3409473155329403
HCC2450_LUNG,0.3543760284976519,0.2805692541440358,0.3650547173583124
HCC2814_LUNG,0.33197275849358454,0.2938606002821401,0.3741666412242753
HCC2935_LUNG,0.3700406576540777,0.29434760217554845,0.3356117401703739
HCC33_LUNG,0.4802977359043926,0.2382460429314272,0.2814562211641801
HCC364_LUNG,0.2850774785290838,0.3198257955615383,0.39509672590937794
HCC366_LUNG,0.36022794275865055,0.30561023120999314,0.3341618260313563
HCC38_BREAST,0.3834801381325289,0.2986099237431938,0.31790993812427726
HCC4006_LUNG,0.34251762019384774,0.3122998087023498,0.3451825711038024
HCC44_LUNG,0.23480859130507428,0.3970674678669876,0.3681239408279382
HCC461_LUNG,0.31690080382554153,0.3053927099647699,0.3777064862096886
HCC515_LUNG,0.2976941259857294,0.3076375868533596,0.39466828716091096
HCC56_LARGE_INTESTINE,0.2958185073867976,0.3169807766405262,0.38720071597267625
HCC70_BREAST,0.32316385794086383,0.3168451420018361,0.3599910000573001
HCC78_LUNG,0.2967228915859671,0.31822235883579497,0.3850547495782379
HCC827GR5_LUNG,0.27993129426228186,0.32215891872740926,0.3979097870103089
HCC827_LUNG,0.29505308762856347,0.327484079849673,0.3774628325217636
HCC95_LUNG,0.3052851901515984,0.2981363961414665,0.39657841370693514
HCT116_LARGE_INTESTINE,0.3647667732109176,0.29458544557938127,0.3406477812097011
HCT15_LARGE_INTESTINE,0.384583081149159,0.27070014428987926,0.3447167745609616
HDLM2_HAEMATOPOIETIC_AND_LYMPHOID_TISSUE,0.3466533195585153,0.2926672210188228,0.36067945942266183
HDMYZ_HAEMATOPOIETIC_AND_LYMPHOID_TISSUE,0.3442793166803593,0.2926342085588043,0.36308647476083644
HDQP1_BREAST,0.2557914641797593,0.35572981378721985,0.3884787220330208
HEC108_ENDOMETRIUM,0.4019822747412594,0.2827482036384432,0.3152695216202975
HEC151_ENDOMETRIUM,0.29394507245193097,0.32997282741525985,0.3760821001328092
HEC1A_ENDOMETRIUM,0.37796283594250035,0.27660124509148515,0.34543591896601444
HEC1B_ENDOMETRIUM,0.32773856411025254,0.3007229368838951,0.3715384990058524
HEC251_ENDOMETRIUM,0.3445749807435416,0.290804993048154,0.36462002620830447
HEC265_ENDOMETRIUM,0.31674877093326,0.317495718348727,0.36575551071801304
HEC50B_ENDOMETRIUM,0.28660048606727295,0.33475152127733326,0.37864799265539384
HEC59_ENDOMETRIUM,0.4232211707618626,0.26889880186092024,0.30788002737721715
HEC6_ENDOMETRIUM,0.37988797877969993,0.30054868211963526,0.3195633391006648
HEKTE_KIDNEY,0.28694340201726193,0.3181950978667343,0.39486150011600385
HEL9217_HAEMATOPOIETIC_AND_LYMPHOID_TISSUE,0.4269575436917035,0.2585787619410553,0.3144636943672411
HELA_CERVIX,0.28617777063714156,0.3233634476381307,0.3904587817247278
HEL_HAEMATOPOIETIC_AND_LYMPHOID_TISSUE,0.41294419194281895,0.259960270178997,0.3270955378781841
HEP3B217_LIVER,0.3498150768871229,0.30879679537804117,0.34138812773483596
HEPG2_LIVER,0.2739295973936874,0.34500577206133376,0.38106463054497897
HEYA8_OVARY,0.2791961408990426,0.3390909938549024,0.3817128652460549
HGC27_STOMACH,0.3570365224304746,0.28019261295646625,0.36277086461305913
HH_HAEMATOPOIETIC_AND_LYMPHOID_TISSUE,0.34611717191551344,0.2969958439555768,0.35688698412890973
HL60_HAEMATOPOIETIC_AND_LYMPHOID_TISSUE,0.30014902494533174,0.3343114422965958,0.36553953275807244
HLFA_FIBROBLAST,0.25513716524784097,0.363343223454624,0.381519611297535
HLF_LIVER,0.3464045570049219,0.29710113790761544,0.35649430508746266
HMC18_BREAST,0.30347409822334614,0.33457141349290775,0.3619544882837461
HMCB_SKIN,0.39193936987070316,0.284781993795976,0.3232786363333209
HMEL_BREAST,0.3374760186226816,0.3176858718794479,0.34483810949787047
HNT34_HAEMATOPOIETIC_AND_LYMPHOID_TISSUE,0.3590658201664421,0.2865192177298449,0.35441496210371304
HOP62_LUNG,0.3348913669665959,0.30013626673218247,0.36497236630122165
HOP92_LUNG,0.24344358800343338,0.3508954750423197,0.40566093695424693
HOS_BONE,0.3588496801224647,0.3018838998554595,0.3392664200220758
HPAC_PANCREAS,0.294983144665559,0.3389473200258239,0.3660695353086171
HPAFII_PANCREAS,0.24120745716175376,0.3634998674224489,0.39529267541579743
HPBALL_HAEMATOPOIETIC_AND_LYMPHOID_TISSUE,0.4215193851103445,0.25991690890899677,0.3185637059806587
HS172T_FIBROBLAST,0.3300291070688798,0.31580067255773525,0.354170220373385
HS229T_FIBROBLAST,0.3094687972004428,0.321133632827774,0.3693975699717832
HS255T_FIBROBLAST,0.2611034543941925,0.36925705347511073,0.3696394921306967
HS274T_FIBROBLAST,0.2982777019462937,0.33829705012672673,0.3634252479269795
HS281T_FIBROBLAST,0.27462998086661805,0.351449360789941,0.373920658343441
HS294T_SKIN,0.35389334454073945,0.2944883618948586,0.351618293564402
HS343T_FIBROBLAST,0.2718033737573532,0.35137224415841756,0.37682438208422925
HS578T_BREAST,0.26111846747016576,0.3832594937728434,0.3556220387569909
HS600T_FIBROBLAST,0.2675179466106814,0.36004751913349586,0.37243453425582274
HS606T_FIBROBLAST,0.2756101274633367,0.3532218311722612,0.3711680413644021
HS611T_HAEMATOPOIETIC_AND_LYMPHOID_TISSUE,0.3805064358825653,0.2763996944354482,0.34309386968198663
HS616T_FIBROBLAST,0.2744165970326023,0.3600205145729011,0.3655628883944967
HS618T_FIBROBLAST,0.27764243952518264,0.3412802370928584,0.3810773233819591
HS675T_FIBROBLAST,0.2781669663049076,0.341937555675326,0.3798954780197664
HS683_CENTRAL_NERVOUS_SYSTEM,0.355086734472027,0.3041827615382216,0.34073050398975135
HS688AT_FIBROBLAST,0.26305994841046565,0.3625062648125699,0.3744337867769645
HS695T_SKIN,0.3195643804881512,0.3136603748764689,0.36677524463537986
HS698T_FIBROBLAST,0.27001025273606916,0.35701272873904794,0.37297701852488296
HS706T_BONE,0.34413130970506206,0.3117146991460784,0.34415399114885953
HS729_SOFT_TISSUE,0.3750494239740256,0.30273720614237437,0.3222133698836001
HS737T_FIBROBLAST,0.25962655198246626,0.36667751105172164,0.37369593696581205
HS739T_FIBROBLAST,0.2960960418390319,0.34383798929535314,0.360065968865615
HS742T_FIBROBLAST,0.23612305204285564,0.3906044023838675,0.37327254557327677
HS746T_STOMACH,0.3787757584993369,0.29922328516393276,0.3220009563367302
HS751T_FIBROBLAST,0.29824055197995153,0.3443743215742163,0.3573851264458321
HS766T_PANCREAS,0.3199648412682529,0.3067398622172802,0.37329529651446686
HS819T_FIBROBLAST,0.2573499819894797,0.3667182513508181,0.37593176665970224
HS821T_FIBROBLAST,0.25867260612055665,0.3707745895443099,0.3705528043351334
HS822T_FIBROBLAST,0.2453258522862631,0.3839145601185523,0.37075958759518474
HS834T_FIBROBLAST,0.25311837863742803,0.36624621453214895,0.3806354068304231
HS839T_FIBROBLAST,0.2926054642991542,0.3373496377926607,0.37004489790818523
HS840T_FIBROBLAST,0.28331740594276444,0.34152400528709226,0.37515858877014335
HS852T_SKIN,0.32161986294119344,0.31473662706994215,0.36364350998886436
HS863T_FIBROBLAST,0.28705490081028856,0.3386121056634,0.3743329935263115
HS870T_FIBROBLAST,0.2945661862651563,0.3335519284910897,0.3718818852437539
HS888T_FIBROBLAST,0.2961984193055874,0.34791069389076396,0.3558908868036486
HS895T_FIBROBLAST,0.2672256845886997,0.34991567825884684,0.3828586371524534
HS934T_FIBROBLAST,0.29363219487046305,0.34024537915626896,0.366122425973268
HS936T_SKIN,0.31045717088141217,0.3074063975302611,0.3821364315883267
HS939T_SKIN,0.35777096171262884,0.29973913181756695,0.34248990646980426
HS940T_FIBROBLAST,0.2690746955995833,0.3582687553147646,0.37265654908565216
HS944T_SKIN,0.302728308154431,0.3268751866752331,0.370396505170336
HSC2_UPPER_AERODIGESTIVE_TRACT,0.25667356087668,0.36670808909612224,0.3766183500271978
HSC3_UPPER_AERODIGESTIVE_TRACT,0.2667508559017438,0.35628727579333336,0.37696186830492284
HSC4_UPPER_AERODIGESTIVE_TRACT,0.31213759600597085,0.3119465944583026,0.37591580953572656
HT1080_SOFT_TISSUE,0.3089599764609126,0.3308127944153608,0.3602272291237265
HT115_LARGE_INTESTINE,0.26269636647029065,0.34552857646970847,0.3917750570600009
HT1197_URINARY_TRACT,0.25292321740769164,0.3550398913771482,0.3920368912151603
HT1376_URINARY_TRACT,0.3538891733587469,0.2945944051249178,0.3515164215163352
HT144_SKIN,0.3417400791764739,0.30362891807402476,0.3546310027495013
HT29_LARGE_INTESTINE,0.3115653550807455,0.3025811737185343,0.38585347120072017
HT55_LARGE_INTESTINE,0.26990498792108275,0.33587627811803417,0.394218733960883
HT_HAEMATOPOIETIC_AND_LYMPHOID_TISSUE,0.43597773710153986,0.2504839116138846,0.3135383512845754
HUCCT1_BILIARY_TRACT,0.2539133260527658,0.36395613907542623,0.3821305348718079
HUG1N_STOMACH,0.3111389829863432,0.31194989618557467,0.3769111208280821
HUH1_LIVER,0.2805076447025018,0.3381067805622921,0.3813855747352061
HUH28_BILIARY_TRACT,0.2499426695481267,0.36364613870097257,0.38641119175090066
HUH6_LIVER,0.2779331273090473,0.34190660252857763,0.3801602701623751
HUH7_LIVER,0.30075615630458014,0.3206269690864026,0.3786168746090172
HUNS1_HAEMATOPOIETIC_AND_LYMPHOID_TISSUE,0.3449409367074999,0.2992011204100007,0.3558579428824994
HUPT3_PANCREAS,0.2737246354971298,0.3211147174326365,0.4051606470702338
HUPT4_PANCREAS,0.26477189499219733,0.3411572008308283,0.39407090417697427
HUT102_HAEMATOPOIETIC_AND_LYMPHOID_TISSUE,0.3224793688671194,0.3166972654019336,0.360823365730947
HUT78_HAEMATOPOIETIC_AND_LYMPHOID_TISSUE,0.43542609172980107,0.2531331429653691,0.3114407653048299
HUTU80_SMALL_INTESTINE,0.4568806458641431,0.24309039580861305,0.30002895832724386
IALM_LUNG,0.33565420059853757,0.30815474407467086,0.35619105532679163
IGR1_SKIN,0.34863325902482384,0.28455794890267905,0.3668087920724972
IGR37_SKIN,0.38109421281426964,0.27225967236108883,0.3466461148246414
IGR39_SKIN,0.3394302163495282,0.30269388801631064,0.3578758956341611
IGROV1_OVARY,0.31928141149234684,0.30975698660370377,0.37096160190394933
IM95_STOMACH,0.29447560300011294,0.3130536369998319,0.39247076000005515
IMR32_AUTONOMIC_GANGLIA,0.43391707074105507,0.2569938263914408,0.3090891028675042
INA6_HAEMATOPOIETIC_AND_LYMPHOID_TISSUE,0.34313472477394547,0.2977339819920684,0.3591312932339861
IOMMLEE_CENTRAL_NERVOUS_SYSTEM,0.3245209401171319,0.2967660622138457,0.37871299766902244
IPC298_SKIN,0.3089922212616941,0.2956765641048175,0.3953312146334883
ISHIKAWAHERAKLIO02ER_ENDOMETRIUM,0.40962661599237515,0.2566796195547582,0.3336937644528667
ISTMES1_PLEURA,0.29029689121447544,0.3344052790320648,0.3752978297534598
ISTMES2_PLEURA,0.34569610183891764,0.30354260647575915,0.3507612916853232
J82_URINARY_TRACT,0.33947825786333224,0.30474841102453504,0.3557733311121327
JEKO1_HAEMATOPOIETIC_AND_LYMPHOID_TISSUE,0.3241477719385747,0.307106413329494,0.3687458147319313
JHESOAD1_OESOPHAGUS,0.256059707240273,0.341223341484726,0.4027169512750009
JHH1_LIVER,0.2811874514251237,0.3247689563384589,0.3940435922364175
JHH2_LIVER,0.25418761588164995,0.3658724984422859,0.3799398856760641
JHH4_LIVER,0.305362339057864,0.30111434896405237,0.3935233119780836
JHH5_LIVER,0.32551646151650443,0.2955532682856736,0.37893027019782205
JHH6_LIVER,0.2925284180703402,0.330737103161358,0.37673447876830174
JHH7_LIVER,0.3721927642153352,0.2827201646502602,0.34508707113440457
JHOC5_OVARY,0.28378913715377657,0.34605481764736495,0.37015604519885853
JHOM1_OVARY,0.3018572041830666,0.3408441537982059,0.35729864201872763
JHOM2B_OVARY,0.36234412702812546,0.3014056320940214,0.33625024087785316
JHOS2_OVARY,0.2963201929535079,0.31604070976635545,0.3876390972801366
JHOS4_OVARY,0.3507078631688522,0.2913934750816301,0.3578986617495176
JHUEM1_ENDOMETRIUM,0.3221391860927726,0.29754541843663146,0.38031539547059606
JHUEM2_ENDOMETRIUM,0.40997696365245345,0.2744253975917699,0.3155976387557767
JHUEM3_ENDOMETRIUM,0.32574308851333245,0.334602324522499,0.33965458696416856
JHUEM7_ENDOMETRIUM,0.24090714290163237,0.3817662992074537,0.3773265578909139
JIMT1_BREAST,0.275197786821973,0.332829901557443,0.39197231162058394
JJN3_HAEMATOPOIETIC_AND_LYMPHOID_TISSUE,0.37051136492910913,0.2789452159151811,0.35054341915570986
JK1_HAEMATOPOIETIC_AND_LYMPHOID_TISSUE,0.2970331758243762,0.34395857321294676,0.359008250962677
JL1_PLEURA,0.24180124776130063,0.3797420039552913,0.3784567482834081
JM1_HAEMATOPOIETIC_AND_LYMPHOID_TISSUE,0.4282087606303716,0.26138686491045193,0.31040437445917657
JMSU1_URINARY_TRACT,0.33223912218886076,0.32192893867554556,0.3458319391355937
JURKAT_HAEMATOPOIETIC_AND_LYMPHOID_TISSUE,0.4646869177454667,0.23972781921734446,0.2955852630371888
JURLMK1_HAEMATOPOIETIC_AND_LYMPHOID_TISSUE,0.3880508403012698,0.29042764375564095,0.3215215159430892
JVM2_HAEMATOPOIETIC_AND_LYMPHOID_TISSUE,0.3070581278978047,0.327158744064046,0.3657831280381494
JVM3_HAEMATOPOIETIC_AND_LYMPHOID_TISSUE,0.3109506589581156,0.3239147152151933,0.36513462582669115
K029AX_SKIN,0.31949553132380015,0.29991462739669494,0.38058984127950496
K562_HAEMATOPOIETIC_AND_LYMPHOID_TISSUE,0.4104029666322685,0.25943177701738773,0.3301652563503438
KALS1_CENTRAL_NERVOUS_SYSTEM,0.3483965602491591,0.32118161098508574,0.33042182876575504
KARPAS299_HAEMATOPOIETIC_AND_LYMPHOID_TISSUE,0.2875730489334271,0.33908050314372945,0.37334644792284344
KARPAS422_HAEMATOPOIETIC_AND_LYMPHOID_TISSUE,0.471076732457587,0.2349956132758751,0.29392765426653794
KARPAS620_HAEMATOPOIETIC_AND_LYMPHOID_TISSUE,0.33933213146282964,0.29901089139856696,0.3616569771386034
KASUMI1_HAEMATOPOIETIC_AND_LYMPHOID_TISSUE,0.37385410557518384,0.28125962448494246,0.3448862699398738
KASUMI2_HAEMATOPOIETIC_AND_LYMPHOID_TISSUE,0.4304723043948011,0.25882000018819107,0.3107076954170079
KASUMI6_HAEMATOPOIETIC_AND_LYMPHOID_TISSUE,0.43899030910699444,0.2408129370779121,0.3201967538150934
KATOIII_STOMACH,0.25914595436665305,0.35955616327747875,0.38129788235586826
KCL22_HAEMATOPOIETIC_AND_LYMPHOID_TISSUE,0.38973586502324153,0.27607260111230947,0.33419153386444905
KD_SOFT_TISSUE,0.385341936867261,0.27233029680905724,0.3423277663236817
KE37_HAEMATOPOIETIC_AND_LYMPHOID_TISSUE,0.4489290344929686,0.24773677390003285,0.3033341916069986
KE39_STOMACH,0.29184810566201813,0.32455992418899055,0.38359197014899127
KE97_HAEMATOPOIETIC_AND_LYMPHOID_TISSUE,0.31404394688522225,0.3143461940592313,0.37160985905554644
KELLY_AUTONOMIC_GANGLIA,0.41580219908261457,0.2683617443579553,0.3158360565594301
KG1C_CENTRAL_NERVOUS_SYSTEM,0.34321057768146623,0.31056174765743944,0.3462276746610943
KG1_HAEMATOPOIETIC_AND_LYMPHOID_TISSUE,0.4483352532502041,0.2482939763595588,0.3033707703902372
KHM1B_HAEMATOPOIETIC_AND_LYMPHOID_TISSUE,0.31325410949202004,0.3260432688468143,0.36070262166116573
KIJK_HAEMATOPOIETIC_AND_LYMPHOID_TISSUE,0.26735426262729645,0.3624371178144128,0.3702086195582907
KLE_ENDOMETRIUM,0.2648351660042816,0.3391777700180951,0.39598706397762334
KM12_LARGE_INTESTINE,0.3375624876822247,0.2993485839281953,0.36308892838957996
KMBC2_URINARY_TRACT,0.3714882723313487,0.2996849093590455,0.32882681830960575
KMH2_HAEMATOPOIETIC_AND_LYMPHOID_TISSUE,0.2815193476552876,0.3489278659042108,0.36955278644050166
KMM1_HAEMATOPOIETIC_AND_LYMPHOID_TISSUE,0.4411387698603547,0.2504427719111723,0.3084184582284729
KMRC1_KIDNEY,0.25246565557191825,0.36207640789698203,0.3854579365310998
KMRC20_KIDNEY,0.33629530769742755,0.29660794192640055,0.36709675037617195
KMRC2_KIDNEY,0.25651382087923164,0.35783028712879006,0.38565589199197836
KMRC3_KIDNEY,0.3408966811654161,0.3171176567213965,0.3419856621131875
KMS11_HAEMATOPOIETIC_AND_LYMPHOID_TISSUE,0.3784713693508192,0.2822302108993713,0.33929841974980957
KMS12BM_HAEMATOPOIETIC_AND_LYMPHOID_TISSUE,0.392447799545655,0.26367072085839266,0.34388147959595233
KMS18_HAEMATOPOIETIC_AND_LYMPHOID_TISSUE,0.2874186331251629,0.3433835094146805,0.3691978574601565
KMS20_HAEMATOPOIETIC_AND_LYMPHOID_TISSUE,0.4275028048335695,0.25874600773295897,0.3137511874334715
KMS21BM_HAEMATOPOIETIC_AND_LYMPHOID_TISSUE,0.30040358441146064,0.32908095755810723,0.37051545803043207
KMS26_HAEMATOPOIETIC_AND_LYMPHOID_TISSUE,0.3793015788290225,0.28384287873401254,0.336855542436965
KMS27_HAEMATOPOIETIC_AND_LYMPHOID_TISSUE,0.305053522290563,0.3275149416240591,0.3674315360853779
KMS28BM_HAEMATOPOIETIC_AND_LYMPHOID_TISSUE,0.37420373202943896,0.274068057262425,0.351728210708136
KMS34_HAEMATOPOIETIC_AND_LYMPHOID_TISSUE,0.350918352295632,0.2894010304612818,0.3596806172430862
KNS42_CENTRAL_NERVOUS_SYSTEM,0.41420001397467926,0.271163897732434,0.3146360882928868
KNS60_CENTRAL_NERVOUS_SYSTEM,0.3569798986379663,0.299676799516612,0.3433433018454217
KNS62_LUNG,0.2462900977611613,0.3739040282110351,0.3798058740278036
KNS81_CENTRAL_NERVOUS_SYSTEM,0.3652035098034231,0.30194900913665745,0.33284748105991946
KO52_HAEMATOPOIETIC_AND_LYMPHOID_TISSUE,0.42521534708266606,0.2520010058985778,0.322783647018756
KOPN8_HAEMATOPOIETIC_AND_LYMPHOID_TISSUE,0.31495890706605245,0.3069595710386393,0.3780815218953082
KP2_PANCREAS,0.311696351339554,0.2936042528300629,0.39469939583038305
KP3_PANCREAS,0.3284405993549035,0.29175761360831937,0.37980178703677714
KP4_PANCREAS,0.3941824817514402,0.272507415801465,0.3333101024470948
KPL1_BREAST,0.3466885886391244,0.2913109725235693,0.36200043883730637
KPMRTRY_SOFT_TISSUE,0.41066576912264796,0.2715662128346669,0.3177680180426851
KPNRTBM1_AUTONOMIC_GANGLIA,0.4756339626458655,0.24358888892801747,0.28077714842611695
KPNSI9S_AUTONOMIC_GANGLIA,0.34706327050095154,0.29158851397263813,0.3613482155264104
KPNYN_AUTONOMIC_GANGLIA,0.46032391104791853,0.24765042180554556,0.29202566714653583
KS1_CENTRAL_NERVOUS_SYSTEM,0.3301250683946277,0.30826708984423834,0.36160784176113403
KU1919_URINARY_TRACT,0.2852924428297306,0.32352699864192247,0.391180558528347
KU812_HAEMATOPOIETIC_AND_LYMPHOID_TISSUE,0.4399677088645353,0.2480288082483696,0.31200348288709523
KURAMOCHI_OVARY,0.31627880499557504,0.3158987520760004,0.3678224429284246
KYM1_SOFT_TISSUE,0.4535005279840199,0.24023945002051905,0.30626002199546093
KYO1_HAEMATOPOIETIC_AND_LYMPHOID_TISSUE,0.3026874630819462,0.32087710485431165,0.37643543206374214
KYSE140_OESOPHAGUS,0.2896318898111359,0.3279483720510775,0.3824197381377865
KYSE150_OESOPHAGUS,0.31882229591748684,0.3110151891867123,0.37016251489580093
KYSE180_OESOPHAGUS,0.29365780464704366,0.33328701668359006,0.3730551786693662
KYSE270_OESOPHAGUS,0.2544821605557779,0.3614767300092148,0.38404110943500736
KYSE30_OESOPHAGUS,0.29666355733343835,0.3320750173741404,0.37126142529242134
KYSE410_OESOPHAGUS,0.28003236678178467,0.3389011982275086,0.38106643499070675
KYSE450_OESOPHAGUS,0.38868097554969133,0.2784914260727501,0.33282759837755854
KYSE510_OESOPHAGUS,0.26119648249181426,0.33819937218369833,0.40060414532448746
KYSE520_OESOPHAGUS,0.29018067888354254,0.3087487489458077,0.4010705721706498
KYSE70_OESOPHAGUS,0.27774888147406934,0.3431467003277514,0.37910441819817936
L1236_HAEMATOPOIETIC_AND_LYMPHOID_TISSUE,0.3614099879119529,0.2830166624750412,0.35557334961300585
L33_PANCREAS,0.32003467218010556,0.2936211577094966,0.38634417011039773
L363_HAEMATOPOIETIC_AND_LYMPHOID_TISSUE,0.44249691224296706,0.2552576561321366,0.3022454316248963
L428_HAEMATOPOIETIC_AND_LYMPHOID_TISSUE,0.2985587638454274,0.32847104797586846,0.37297018817870414
L540_HAEMATOPOIETIC_AND_LYMPHOID_TISSUE,0.29151398826209995,0.34059467622273654,0.3678913355151635
LAMA84_HAEMATOPOIETIC_AND_LYMPHOID_TISSUE,0.31511888476522654,0.325940288124451,0.3589408271103225
LC1F_LUNG,0.34142395376860746,0.29484596528050955,0.363730080950883
LCLC103H_LUNG,0.3081672938673871,0.32661427355413375,0.365218432578479
LCLC97TM1_LUNG,0.3112871595052845,0.31530366234679025,0.3734091781479252
LI7_LIVER,0.30601587497081184,0.3134790450568756,0.3805050799723125
LK2_LUNG,0.3661419222586311,0.27892896728035577,0.3549291104610131
LMSU_STOMACH,0.2960378149147114,0.3384011667710899,0.3655610183141988
LN18_CENTRAL_NERVOUS_SYSTEM,0.39907288504912236,0.274978285978768,0.3259488289721096
LN215_CENTRAL_NERVOUS_SYSTEM,0.3901212035961238,0.2804432876672108,0.3294355087366654
LN229_CENTRAL_NERVOUS_SYSTEM,0.3858081531865879,0.28383453332208786,0.3303573134913242
LN235_CENTRAL_NERVOUS_SYSTEM,0.3639395437652147,0.29122424375197403,0.3448362124828113
LN319_CENTRAL_NERVOUS_SYSTEM,0.40742414957667694,0.27100856532391265,0.32156728509941046
LN340_CENTRAL_NERVOUS_SYSTEM,0.38667263122978857,0.27760839627381523,0.33571897249639615
LN382_CENTRAL_NERVOUS_SYSTEM,0.3470101881470353,0.2918175730457433,0.3611722388072213
LN428_CENTRAL_NERVOUS_SYSTEM,0.3006700664209195,0.3178190962737801,0.3815108373053004
LN443_CENTRAL_NERVOUS_SYSTEM,0.38551323780724667,0.2909413368387971,0.32354542535395625
LN464_CENTRAL_NERVOUS_SYSTEM,0.3222076683737684,0.2932297014337187,0.3845626301925128
LNCAPCLONEFGC_PROSTATE,0.44091510703741876,0.24119169921855516,0.31789319374402614
LNZ308_CENTRAL_NERVOUS_SYSTEM,0.3635033435548348,0.2777832722602004,0.3587133841849648
LOUCY_HAEMATOPOIETIC_AND_LYMPHOID_TISSUE,0.4301689741218919,0.26777271036510625,0.30205831551300194
LOUNH91_LUNG,0.3697525778798925,0.28321591976188487,0.3470315023582225
LOVO_LARGE_INTESTINE,0.28903105699958725,0.3194477410106234,0.39152120198978935
LOXIMVI_SKIN,0.26863658254005923,0.3582007594977811,0.37316265796215975
LP1_HAEMATOPOIETIC_AND_LYMPHOID_TISSUE,0.41324927255630706,0.26513629802466665,0.32161442941902635
LS1034_LARGE_INTESTINE,0.3140917968644974,0.30384406955028126,0.38206413358522134
LS123_LARGE_INTESTINE,0.2512909210417399,0.3618092585519679,0.38689982040629217
LS180_LARGE_INTESTINE,0.32735323653072157,0.2878317974994295,0.384814965969849
LS411N_LARGE_INTESTINE,0.3201785843877945,0.2957373790351114,0.38408403657709417
LS513_LARGE_INTESTINE,0.2884090030465096,0.31666712214468967,0.39492387480880065
LU65_LUNG,0.30131960132844654,0.3221807521722595,0.37649964649929396
LU99_LUNG,0.32938490216141286,0.31318065042143955,0.35743444741714764
LUDLU1_LUNG,0.29793386880388123,0.30899699383007506,0.3930691373660437
LXF289_LUNG,0.36054218730929444,0.31358474545818577,0.32587306723251985
M059K_CENTRAL_NERVOUS_SYSTEM,0.3483083851036407,0.3020948990870043,0.3495967158093549
M07E_HAEMATOPOIETIC_AND_LYMPHOID_TISSUE,0.4167219596442267,0.258822304293337,0.32445573606243633
MALME3M_SKIN,0.29989514326544453,0.31929074611696784,0.3808141106175876
MC116_HAEMATOPOIETIC_AND_LYMPHOID_TISSUE,0.34336347212965973,0.29896787070850644,0.3576686571618339
MCAS_OVARY,0.2445378458832509,0.36718410035571697,0.3882780537610322
MCF7_BREAST,0.3336314383160511,0.29684597595517254,0.36952258572877633
MDAMB134VI_BREAST,0.4631174648904195,0.23420961771297144,0.30267291739660906
MDAMB157_BREAST,0.39397875591240333,0.27134429176667507,0.3346769523209215
MDAMB175VII_BREAST,0.2933753123586531,0.32302963763406595,0.3835950500072809
MDAMB231_BREAST,0.28536885479579965,0.3375368538348533,0.3770942913693471
MDAMB361_BREAST,0.38543009049415794,0.28678257158193854,0.3277873379239035
MDAMB415_BREAST,0.2998988506644227,0.32755739760520697,0.37254375173037024
MDAMB435S_SKIN,0.4026681109617799,0.25224345801095005,0.34508843102727005
MDAMB436_BREAST,0.3437039194316877,0.3031258063913028,0.3531702741770095
MDAMB453_BREAST,0.3791042032989675,0.2733910930515566,0.3475047036494759
MDAMB468_BREAST,0.3505733158070377,0.29854725480017574,0.35087942939278666
MDAPCA2B_PROSTATE,0.43733839031914035,0.2464400235404909,0.31622158614036877
MDST8_LARGE_INTESTINE,0.26642583528300257,0.3400298515972648,0.3935443131197327
ME1_HAEMATOPOIETIC_AND_LYMPHOID_TISSUE,0.29936840693661354,0.3289501778813299,0.3716814151820566
MEC1_HAEMATOPOIETIC_AND_LYMPHOID_TISSUE,0.3349821605662418,0.29534162718909046,0.3696762122446678
MEG01_HAEMATOPOIETIC_AND_LYMPHOID_TISSUE,0.34527700153519714,0.3008473924950277,0.3538756059697752
MELHO_SKIN,0.29941853219741205,0.3141063770155649,0.38647509078702313
MELJUSO_SKIN,0.28042017161942934,0.3306875022625229,0.3888923261180477
MESSA_SOFT_TISSUE,0.3790209490906184,0.2738012351510125,0.347177815758369
MEWO_SKIN,0.37236241570600126,0.28719503647544065,0.34044254781855804
MFE280_ENDOMETRIUM,0.4098330990600823,0.2583520495758745,0.3318148513640432
MFE296_ENDOMETRIUM,0.43896160980926435,0.24418371792908034,0.3168546722616554
MFE319_ENDOMETRIUM,0.3226460730462763,0.3100731427210091,0.3672807842327146
MG63_BONE,0.2955691327838738,0.32092409725699045,0.3835067699591358
MHHCALL2_HAEMATOPOIETIC_AND_LYMPHOID_TISSUE,0.44591155146466727,0.2530457700940121,0.30104267844132077
MHHCALL3_HAEMATOPOIETIC_AND_LYMPHOID_TISSUE,0.4528882826265829,0.2522996929456457,0.29481202442777127
MHHCALL4_HAEMATOPOIETIC_AND_LYMPHOID_TISSUE,0.4330812147095149,0.2628823109695012,0.3040364743209838
MHHES1_BONE,0.4179016586066307,0.26403667023791655,0.3180616711554528
MHHNB11_AUTONOMIC_GANGLIA,0.4175243326013251,0.28466618129140303,0.29780948610727176
MIAPACA2_PANCREAS,0.32118482943446325,0.305795696612783,0.37301947395275387
MINO_HAEMATOPOIETIC_AND_LYMPHOID_TISSUE,0.37893683429553693,0.2767815297100615,0.3442816359944016
MJ_HAEMATOPOIETIC_AND_LYMPHOID_TISSUE,0.3981909323641542,0.2645540533767674,0.3372550142590783
MKN1_STOMACH,0.3369502096538562,0.31359360772454753,0.3494561826215963
MKN45_STOMACH,0.3753056546836996,0.27673390395193576,0.34796044136436477
MKN74_STOMACH,0.3925459348400826,0.2988603384158534,0.308593726744064
MKN7_STOMACH,0.2748087355253407,0.3173091872525189,0.4078820772221405
ML1_THYROID,0.3307150305899223,0.32194418308522293,0.3473407863248548
MM1S_HAEMATOPOIETIC_AND_LYMPHOID_TISSUE,0.32649582271625793,0.30220118646226535,0.37130299082147666
MOLM13_HAEMATOPOIETIC_AND_LYMPHOID_TISSUE,0.3150461317718774,0.3054155661959139,0.37953830203220873
MOLM16_HAEMATOPOIETIC_AND_LYMPHOID_TISSUE,0.4333701465029932,0.2494373997434985,0.31719245375350835
MOLM6_HAEMATOPOIETIC_AND_LYMPHOID_TISSUE,0.31260621482280654,0.30798416725296873,0.3794096179242247
MOLP2_HAEMATOPOIETIC_AND_LYMPHOID_TISSUE,0.2909923551067683,0.3357021377702682,0.37330550712296356
MOLP8_HAEMATOPOIETIC_AND_LYMPHOID_TISSUE,0.3279784283856417,0.3048269961737404,0.36719457544061784
MOLT13_HAEMATOPOIETIC_AND_LYMPHOID_TISSUE,0.4710077597980683,0.2411728861029217,0.28781935409900994
MOLT16_HAEMATOPOIETIC_AND_LYMPHOID_TISSUE,0.43636906870674697,0.25149650329322726,0.3121344280000257
MOLT3_HAEMATOPOIETIC_AND_LYMPHOID_TISSUE,0.4479281225215531,0.2499476958136774,0.30212418166476945
MONOMAC1_HAEMATOPOIETIC_AND_LYMPHOID_TISSUE,0.36258952874901623,0.2725575630222004,0.36485290822878336
MONOMAC6_HAEMATOPOIETIC_AND_LYMPHOID_TISSUE,0.4133775478036471,0.2687597366828657,0.3178627155134873
MON_SOFT_TISSUE,0.41546541925934544,0.26272454129582545,0.3218100394448291
MORCPR_LUNG,0.2752040086871,0.3388692133638967,0.38592677794900326
MPP89_PLEURA,0.35023848285196413,0.30920659164283815,0.3405549255051978
MSTO211H_PLEURA,0.36629726586534395,0.2931767932482191,0.34052594088643706
MUTZ3_HAEMATOPOIETIC_AND_LYMPHOID_TISSUE,0.4051137802348984,0.28441320256360925,0.3104730172014923
MUTZ5_HAEMATOPOIETIC_AND_LYMPHOID_TISSUE,0.37147965195616683,0.2899034350021748,0.3386169130416584
MV411_HAEMATOPOIETIC_AND_LYMPHOID_TISSUE,0.3198841341804019,0.3075964757992022,0.37251939002039597
NALM19_HAEMATOPOIETIC_AND_LYMPHOID_TISSUE,0.4264982188126096,0.26040898409840013,0.3130927970889902
NALM1_HAEMATOPOIETIC_AND_LYMPHOID_TISSUE,0.4178804661193556,0.2693345208471533,0.31278501303349115
NALM6_HAEMATOPOIETIC_AND_LYMPHOID_TISSUE,0.4232866705298812,0.2624381406061312,0.3142751888639876
NAMALWA_HAEMATOPOIETIC_AND_LYMPHOID_TISSUE,0.3693211644283975,0.27980350042095614,0.35087533515064634
NB1_AUTONOMIC_GANGLIA,0.37313191057135064,0.2829461612160581,0.3439219282125912
NB4_HAEMATOPOIETIC_AND_LYMPHOID_TISSUE,0.3591685715995775,0.28391189672010986,0.3569195316803126
NCCSTCK140_STOMACH,0.37522059540156516,0.3028315998951109,0.3219478047033239
NCIH1048_LUNG,0.4312391494804114,0.26327081600273683,0.3054900345168516
NCIH1092_LUNG,0.4850250144326528,0.2339042146266001,0.2810707709407471
NCIH1105_LUNG,0.4733105052324113,0.2439198257420841,0.28276966902550454
NCIH1155_LUNG,0.4481754428203979,0.25292430461969434,0.298900252559908
NCIH1184_LUNG,0.48318314646229815,0.23721013231023505,0.2796067212274668
NCIH1299_LUNG,0.3422116979673654,0.2916248664173431,0.3661634356152916
NCIH1339_LUNG,0.38675562809616526,0.2853698747666373,0.3278744971371975
NCIH1341_LUNG,0.41649431658915853,0.27341829660041955,0.31008738681042197
NCIH1355_LUNG,0.3691130303668562,0.2832024002469794,0.3476845693861644
NCIH1373_LUNG,0.3248758913766018,0.3157498844065537,0.35937422421684445
NCIH1385_LUNG,0.31795269022598405,0.36010576248598025,0.3219415472880357
NCIH1395_LUNG,0.27030760302270757,0.34495507144197474,0.38473732553531775
NCIH1435_LUNG,0.338538875145987,0.29437181593157785,0.3670893089224352
NCIH1436_LUNG,0.468988305148863,0.24021301735764355,0.2907986774934933
NCIH1437_LUNG,0.2857976067359842,0.31637167994948323,0.3978307133145326
NCIH146_LUNG,0.4618365509914923,0.2355436766384181,0.3026197723700896
NCIH1563_LUNG,0.3117281517156411,0.30800760751871925,0.38026424076563975
NCIH1568_LUNG,0.3734993733273415,0.29195646706443323,0.33454415960822526
NCIH1573_LUNG,0.39847555631346415,0.2704453422825988,0.3310791014039369
NCIH1581_LUNG,0.43870082871833044,0.23929588640978333,0.32200328487188623
NCIH1618_LUNG,0.45974402377813844,0.2515628952582799,0.2886930809635817
NCIH1623_LUNG,0.3352410028229709,0.2933507873090853,0.3714082098679438
NCIH1648_LUNG,0.3158097218118526,0.32224960245620243,0.3619406757319449
NCIH1650_LUNG,0.35095120508626837,0.30074022137680084,0.3483085735369308
NCIH1651_LUNG,0.37470224123147444,0.29019307427699154,0.3351046844915341
NCIH1666_LUNG,0.2584435001448779,0.3488675147111664,0.3926889851439558
NCIH1693_LUNG,0.3799105665646711,0.2676444672800124,0.35244496615531645
NCIH1694_LUNG,0.47164485813768275,0.24370497135988423,0.284650170502433
NCIH1703_LUNG,0.39883295835187077,0.26720371061611947,0.33396333103200976
NCIH1734_LUNG,0.35582805354447894,0.3084045571409404,0.3357673893145807
NCIH1755_LUNG,0.3409736037875799,0.30764464125511387,0.3513817549573062
NCIH1781_LUNG,0.3494651480989573,0.3018131380022894,0.34872171389875334
NCIH1792_LUNG,0.338368345165697,0.30712099561540196,0.3545106592189009
NCIH1793_LUNG,0.3227261153523246,0.3042418176335601,0.37303206701411523
NCIH1819_LUNG,0.392862356657257,0.262490800666584,0.3446468426761591
NCIH1836_LUNG,0.4758744668929772,0.23973334707204194,0.2843921860349809
NCIH1838_LUNG,0.3209243700671631,0.302936035944256,0.3761395939885809
NCIH1869_LUNG,0.26143102882740543,0.34519830555223613,0.39337066562035844
NCIH1876_LUNG,0.4640501444457732,0.25127291706999144,0.28467693848423525
NCIH1915_LUNG,0.34296689313663886,0.3013762066291528,0.3556569002342084
NCIH1930_LUNG,0.48005640925910265,0.23630770917077848,0.28363588157011893
NCIH1944_LUNG,0.3187610610574382,0.2954622175527632,0.3857767213897986
NCIH1963_LUNG,0.48429749074513,0.23469048353685792,0.28101202571801215
NCIH196_LUNG,0.38360494446975746,0.2914184095173748,0.32497664601286774
NCIH1975_LUNG,0.3522499637715328,0.28799344969514035,0.3597565865333268
NCIH2004RT_SOFT_TISSUE,0.3498599594743404,0.2916713903719395,0.35846865015372004
NCIH2009_LUNG,0.32036464184857727,0.3068741688449832,0.3727611893064396
NCIH2023_LUNG,0.31506123214050613,0.30106617718774115,0.3838725906717527
NCIH2029_LUNG,0.4496707512757015,0.2506190082442785,0.29971024048002004
NCIH2030_LUNG,0.33520383719497965,0.29473320299316647,0.3700629598118539
NCIH2052_PLEURA,0.34663337388474175,0.3107176667444224,0.3426489593708359
NCIH2066_LUNG,0.4624884457115113,0.24304141530777132,0.29447013898071733
NCIH2073_LUNG,0.2503349780135295,0.36239022429626533,0.38727479769020506
NCIH2077_LUNG,0.407417078349033,0.26312737112550916,0.3294555505254578
NCIH2081_LUNG,0.46915403011783524,0.23940500130194367,0.291440968580221
NCIH2085_LUNG,0.3289936946516494,0.3124996245660753,0.3585066807822753
NCIH2087_LUNG,0.3343200222306149,0.2992868187579217,0.36639315901146335
NCIH209_LUNG,0.4900395460669052,0.23013653933859854,0.2798239145944962
NCIH2106_LUNG,0.4553595492894662,0.25495929391232763,0.2896811567982061
NCIH2110_LUNG,0.27361085123880424,0.3397880378704182,0.3866011108907776
NCIH211_LUNG,0.4680789667163952,0.2343566194397596,0.2975644138438452
NCIH2122_LUNG,0.24873187981382985,0.35292513381568086,0.3983429863704892
NCIH2126_LUNG,0.34794474874420994,0.2945480180491272,0.3575072332066628
NCIH2170_LUNG,0.3272901841975405,0.29936991780330524,0.3733398979991543
NCIH2171_LUNG,0.4638952061243218,0.24395652511974913,0.29214826875592903
NCIH2172_LUNG,0.39024549415174237,0.2725534011286379,0.3372011047196198
NCIH2196_LUNG,0.44229313169311063,0.25445723904658113,0.3032496292603083
NCIH2227_LUNG,0.4829107214017623,0.2324526646957397,0.2846366139024981
NCIH2228_LUNG,0.32901845502995847,0.33206866748959923,0.3389128774804423
NCIH226_LUNG,0.26594640375988515,0.3544164139651436,0.37963718227497123
NCIH2286_LUNG,0.35907743798236996,0.31111115705137715,0.32981140496625283
NCIH2291_LUNG,0.26207932793571936,0.3565880440636341,0.38133262800064666
NCIH2342_LUNG,0.3574292775496961,0.27743987080971216,0.3651308516405918
NCIH2347_LUNG,0.26539065420205804,0.3453495487999092,0.38925979699803276
NCIH23_LUNG,0.2996843150035407,0.33899250527498603,0.3613231797214732
NCIH2405_LUNG,0.34840695084505685,0.30414037440656044,0.34745267474838276
NCIH2444_LUNG,0.2313076701851791,0.3753327826346918,0.39335954718012917
NCIH2452_PLEURA,0.34071342783831554,0.30806240686885794,0.3512241652928265
NCIH2882_LUNG,0.29494429713060466,0.30223148016342216,0.4028242227059731
NCIH2887_LUNG,0.28189343834210706,0.30173119109729984,0.41637537056059304
NCIH28_PLEURA,0.3025506915695552,0.3212073139789406,0.3762419944515042
NCIH292_LUNG,0.27334841448103686,0.3329130316236756,0.3937385538952876
NCIH3122_LUNG,0.2833353699103824,0.3289736762298493,0.38769095385976843
NCIH322_LUNG,0.29561813392980435,0.32695171118770416,0.3774301548824915
NCIH3255_LUNG,0.3425237167028804,0.3083454257378614,0.3491308575592583
NCIH358_LUNG,0.3685744035681439,0.28605888786089806,0.3453667085709579
NCIH441_LUNG,0.37385406705548285,0.2906752551652215,0.3354706777792956
NCIH446_LUNG,0.43255793079390187,0.2604835112194722,0.306958557986626
NCIH460_LUNG,0.28858881517426554,0.3179203731236249,0.3934908117021095
NCIH508_LARGE_INTESTINE,0.30770112974766306,0.31585358180281503,0.37644528844952196
NCIH510_LUNG,0.459096832477345,0.245713810436251,0.29518935708640387
NCIH520_LUNG,0.44751693170994816,0.2489743243091694,0.3035087439808825
NCIH522_LUNG,0.47440120083469095,0.23514456319379837,0.29045423597151065
NCIH524_LUNG,0.47959986291603124,0.2287347764843543,0.29166536059961456
NCIH526_LUNG,0.4636069618412706,0.24263299957430906,0.2937600385844202
NCIH596_LUNG,0.33547095934454657,0.3213808929548369,0.3431481477006166
NCIH647_LUNG,0.2631412283203776,0.3340994770469855,0.4027592946326368
NCIH650_LUNG,0.38033436847840724,0.2917531278828212,0.3279125036387715
NCIH660_PROSTATE,0.442501034030218,0.25770499390298757,0.29979397206679437
NCIH661_LUNG,0.4224557873023511,0.2571850457382198,0.320359166959429
NCIH684_LIVER,0.3098589043007998,0.29809433162394017,0.39204676407525996
NCIH69_LUNG,0.46485966326833605,0.2472059222728052,0.28793441445885876
NCIH716_LARGE_INTESTINE,0.40045502005961087,0.26170489653870443,0.3378400834016847
NCIH727_LUNG,0.3816088968789256,0.2775177057689147,0.34087339735215977
NCIH747_LARGE_INTESTINE,0.3480438301923712,0.2989282670296215,0.3530279027780073
NCIH810_LUNG,0.46229405334506335,0.24149774776788524,0.29620819888705147
NCIH82_LUNG,0.45777565820413685,0.24383090539623756,0.29839343639962557
NCIH838_LUNG,0.3094843037773127,0.3191239197614771,0.37139177646121035
NCIH841_LUNG,0.45773516046567453,0.22591368644359913,0.3163511530907262
NCIH854_LUNG,0.28636241726296674,0.3347192891303774,0.37891829360665585
NCIH889_LUNG,0.47738502121029086,0.23087600859159357,0.29173897019811557
NCIH929_HAEMATOPOIETIC_AND_LYMPHOID_TISSUE,0.3057942797005375,0.32082028333478113,0.3733854369646814
NCIN87_STOMACH,0.3285087832161393,0.2934558259745491,0.37803539080931153
NCO2_HAEMATOPOIETIC_AND_LYMPHOID_TISSUE,0.4189876930884269,0.26305616958310346,0.31795613732846956
NH6_AUTONOMIC_GANGLIA,0.4398683581190933,0.2681867803738191,0.29194486150708765
NHAHTDD_CENTRAL_NERVOUS_SYSTEM,0.3297106715971252,0.3216842288467561,0.3486050995561186
NIHOVCAR3_OVARY,0.38373315265975366,0.28036956221373666,0.3358972851265098
NMCG1_CENTRAL_NERVOUS_SYSTEM,0.3147958390579933,0.32268443263657404,0.36251972830543266
NOMO1_HAEMATOPOIETIC_AND_LYMPHOID_TISSUE,0.34246584324681356,0.2801693404051081,0.3773648163480784
NUDHL1_HAEMATOPOIETIC_AND_LYMPHOID_TISSUE,0.2762072940305613,0.35158781760426394,0.3722048883651746
NUDUL1_HAEMATOPOIETIC_AND_LYMPHOID_TISSUE,0.3653559857108842,0.28958386926373153,0.3450601450253844
NUGC2_STOMACH,0.2895430711626014,0.33573381387748547,0.3747231149599131
NUGC3_STOMACH,0.29060801986229484,0.32540322111449943,0.38398875902320573
NUGC4_STOMACH,0.2687136198541464,0.34412414371097694,0.3871622364348768
OAW28_OVARY,0.38931624718206703,0.27526231579565286,0.33542143702228006
OAW42_OVARY,0.26680506172971713,0.3324236436819131,0.4007712945883698
OC314_OVARY,0.3670588428964085,0.2613012196702149,0.3716399374333766
OCIAML2_HAEMATOPOIETIC_AND_LYMPHOID_TISSUE,0.3771013268879051,0.26758025159579346,0.3553184215163014
OCIAML3_HAEMATOPOIETIC_AND_LYMPHOID_TISSUE,0.2690062890390162,0.34819151877502275,0.3828021921859611
OCIAML5_HAEMATOPOIETIC_AND_LYMPHOID_TISSUE,0.33546241652274644,0.2952588121923551,0.36927877128489844
OCILY19_HAEMATOPOIETIC_AND_LYMPHOID_TISSUE,0.3226517009154601,0.3257684993322661,0.3515797997522738
OCILY3_HAEMATOPOIETIC_AND_LYMPHOID_TISSUE,0.35818570373118475,0.2978056128656519,0.34400868340316326
OCIM1_HAEMATOPOIETIC_AND_LYMPHOID_TISSUE,0.37036140645083016,0.27702381663422093,0.35261477691494886
OCIMY5_HAEMATOPOIETIC_AND_LYMPHOID_TISSUE,0.28867730626057664,0.34572996837903797,0.36559272536038534
OCIMY7_HAEMATOPOIETIC_AND_LYMPHOID_TISSUE,0.2923315793618757,0.34008612114678427,0.3675822994913401
OCUM1_STOMACH,0.29166330126498685,0.3216939726057646,0.3866427261292485
OE19_OESOPHAGUS,0.2717434217989865,0.3383207923953243,0.38993578580568916
OE21_OESOPHAGUS,0.25848718204662324,0.36477252788799486,0.3767402900653819
OE33_OESOPHAGUS,0.26392762671661757,0.34335541428367694,0.39271695899970555
OELE_OVARY,0.36330065126513306,0.2912129511666588,0.34548639756820826
ONCODG1_OVARY,0.2951959196330694,0.3257782296251132,0.3790258507418173
ONS76_CENTRAL_NERVOUS_SYSTEM,0.3486328788725955,0.2862630248804778,0.3651040962469267
OPM1_HAEMATOPOIETIC_AND_LYMPHOID_TISSUE,0.32725734052710514,0.3253345295990458,0.34740812987384906
OPM2_HAEMATOPOIETIC_AND_LYMPHOID_TISSUE,0.36742634252501505,0.2874922793917697,0.34508137808321526
OSRC2_KIDNEY,0.30494693097083403,0.3339616210084243,0.3610914480207416
OUMS23_LARGE_INTESTINE,0.3446579704772053,0.2975024139617804,0.3578396155610142
OV56_OVARY,0.26123146913922496,0.3940963065091094,0.34467222435166567
OV7_OVARY,0.24269099204101857,0.35399409544454385,0.4033149125144375
OV90_OVARY,0.2822188344320609,0.32562018374887153,0.39216098181906756
OVCAR4_OVARY,0.25628976927384983,0.3439071564439843,0.3998030742821659
OVCAR8_OVARY,0.3079296570619817,0.3111325737627328,0.3809377691752856
OVISE_OVARY,0.27110694772084115,0.33378390931456686,0.395109142964592
OVK18_OVARY,0.38692875125644827,0.268219248613309,0.34485200013024275
OVKATE_OVARY,0.3615632234363135,0.28977784488250097,0.3486589316811856
OVMANA_OVARY,0.27177297235999986,0.3602167388820175,0.36801028875798275
OVSAHO_OVARY,0.3206742143842742,0.29776315046777524,0.38156263514795064
OVTOKO_OVARY,0.252021782068645,0.3666454028297511,0.38133281510160394
P12ICHIKAWA_HAEMATOPOIETIC_AND_LYMPHOID_TISSUE,0.47620292112754814,0.2355045515221211,0.28829252735033084
P31FUJ_HAEMATOPOIETIC_AND_LYMPHOID_TISSUE,0.4208310528956916,0.2585830401969341,0.3205859069073742
P3HR1_HAEMATOPOIETIC_AND_LYMPHOID_TISSUE,0.3691765092360787,0.28911476730765256,0.3417087234562688
PANC0203_PANCREAS,0.2692971842580526,0.3455251192704668,0.38517769647148065
PANC0213_PANCREAS,0.329691621367144,0.324231815625259,0.3460765630075971
PANC0327_PANCREAS,0.24673826753941283,0.3640475980922963,0.3892141343682908
PANC0403_PANCREAS,0.2397078680782986,0.3551018792635801,0.4051902526581213
PANC0504_PANCREAS,0.293814337010405,0.32628944610196137,0.37989621688763353
PANC0813_PANCREAS,0.26912080374934394,0.3431316440843635,0.3877475521662926
PANC1005_PANCREAS,0.36838932906958843,0.2784416556650758,0.35316901526533573
PANC1_PANCREAS,0.3342713539354117,0.31063274800760965,0.35509589805697866
PATU8902_PANCREAS,0.2721402527814029,0.3314744558513698,0.39638529136722733
PATU8988S_PANCREAS,0.30854634421052585,0.2996449572456762,0.39180869854379796
PATU8988T_PANCREAS,0.4041812069241235,0.2648278685073745,0.3309909245685021
PC14_LUNG,0.2677211798008643,0.326888740308175,0.4053900798909606
PC3_PROSTATE,0.26462797314328307,0.3410704941364273,0.3943015327202896
PC9_LUNG,0.2742437881673584,0.32842243875064525,0.3973337730819963
PECAPJ15_UPPER_AERODIGESTIVE_TRACT,0.24568770014885555,0.36392024490267444,0.3903920549484701
PECAPJ34CLONEC12_UPPER_AERODIGESTIVE_TRACT,0.2330966121151942,0.3781288427888306,0.3887745450959752
PECAPJ41CLONED2_UPPER_AERODIGESTIVE_TRACT,0.24016969250681935,0.3830690079546317,0.37676129953854887
PECAPJ49_UPPER_AERODIGESTIVE_TRACT,0.22772937473259997,0.3746858500074201,0.39758477525997993
PEER_HAEMATOPOIETIC_AND_LYMPHOID_TISSUE,0.4247643733877229,0.2513337408442293,0.32390188576804774
PF382_HAEMATOPOIETIC_AND_LYMPHOID_TISSUE,0.4618445203806321,0.25096706955152126,0.2871884100678467
PFEIFFER_HAEMATOPOIETIC_AND_LYMPHOID_TISSUE,0.42711604630763134,0.24937413915245032,0.32350981453991834
PK1_PANCREAS,0.2590614023357617,0.3387899117953122,0.40214868586892616
PK45H_PANCREAS,0.3182766570105143,0.3138534863273691,0.36786985666211675
PK59_PANCREAS,0.2781194768375083,0.35017205675225715,0.3717084664102346
PL21_HAEMATOPOIETIC_AND_LYMPHOID_TISSUE,0.3255361590546874,0.30909649664008115,0.3653673443052314
PLB985_HAEMATOPOIETIC_AND_LYMPHOID_TISSUE,0.27251535032630453,0.3582547339455993,0.36922991572809605
PLCPRF5_LIVER,0.3176031695724738,0.3118935556063857,0.3705032748211404
PRECLH_PROSTATE,0.3375646865818811,0.3371430218794082,0.32529229153871064
PSN1_PANCREAS,0.2914733846320853,0.31922197676338915,0.3893046386045257
QGP1_PANCREAS,0.4134106296568443,0.2570662689427943,0.3295231014003615
RAJI_HAEMATOPOIETIC_AND_LYMPHOID_TISSUE,0.3317262583377477,0.3125742134870608,0.35569952817519135
RCC10RGB_KIDNEY,0.29820845817503544,0.33384801233173017,0.36794352949323444
RCHACV_HAEMATOPOIETIC_AND_LYMPHOID_TISSUE,0.33484402497577953,0.2973926318635941,0.3677633431606263
RCM1_LARGE_INTESTINE,0.26814966030642645,0.34801131353113435,0.38383902616243915
RDES_BONE,0.4849069448425382,0.22927322329401126,0.2858198318634505
RD_SOFT_TISSUE,0.4063073457806406,0.2801154403850074,0.3135772138343521
REC1_HAEMATOPOIETIC_AND_LYMPHOID_TISSUE,0.35394597324515154,0.2947272833318233,0.35132674342302506
REH_HAEMATOPOIETIC_AND_LYMPHOID_TISSUE,0.4631783187962963,0.23870754701691366,0.2981141341867901
RERFGC1B_STOMACH,0.42384148866233273,0.26519726784582404,0.31096124349184334
RERFLCAD1_LUNG,0.36161076219801774,0.3065129926319552,0.33187624517002706
RERFLCAD2_LUNG,0.2509226353817042,0.35434625500552375,0.3947311096127722
RERFLCAI_LUNG,0.34584299967524684,0.29670427204235905,0.3574527282823941
RERFLCKJ_LUNG,0.3657216226516287,0.29112913764805654,0.3431492397003147
RERFLCMS_LUNG,0.2930177236429327,0.3347263390914144,0.3722559372656529
RERFLCSQ1_LUNG,0.3261989508140278,0.32470318684594623,0.3490978623400259
RH18_SOFT_TISSUE,0.28322669410091855,0.34821644030777826,0.3685568655913031
RH30_SOFT_TISSUE,0.2806668879936488,0.3364814462809759,0.3828516657253752
RH41_SOFT_TISSUE,0.41275696476575957,0.2677588016857761,0.3194842335484644
RI1_HAEMATOPOIETIC_AND_LYMPHOID_TISSUE,0.34345387919192427,0.29623704012214047,0.36030908068593526
RKN_SOFT_TISSUE,0.3175590544666608,0.32465397590575434,0.3577869696275849
RKO_LARGE_INTESTINE,0.3356050861127793,0.309468700369286,0.3549262135179348
RL952_ENDOMETRIUM,0.3275743421884937,0.31067003624132705,0.3617556215701793
RL_HAEMATOPOIETIC_AND_LYMPHOID_TISSUE,0.3479114521441967,0.2962523507751521,0.3558361970806512
RMGI_OVARY,0.25987366435892756,0.3641271921926484,0.37599914344842406
RMUGS_OVARY,0.2746265013144673,0.3220686726613081,0.4033048260242246
RPMI7951_SKIN,0.3726459915422535,0.2931286013496888,0.33422540710805765
RPMI8226_HAEMATOPOIETIC_AND_LYMPHOID_TISSUE,0.30472354111636807,0.3134738084857793,0.3818026503978525
RPMI8402_HAEMATOPOIETIC_AND_LYMPHOID_TISSUE,0.47028227256401617,0.23419185712438853,0.29552587031159533
RS411_HAEMATOPOIETIC_AND_LYMPHOID_TISSUE,0.29559092101166723,0.3294121062056829,0.3749969727826498
RS5_FIBROBLAST,0.23659657912990814,0.37995052477570473,0.3834528960943871
RT112_URINARY_TRACT,0.3313946679534458,0.29935279423222677,0.3692525378143274
RT4_URINARY_TRACT,0.320481358767095,0.3092381656781045,0.37028047555480054
RVH421_SKIN,0.33559399199776285,0.30797535038877355,0.3564306576134636
S117_THYROID,0.25744768364620263,0.3732538429179532,0.3692984734358442
SALE_LUNG,0.357315685235039,0.3225749901444516,0.32010932462050945
SAOS2_BONE,0.3749360923873666,0.3025126357926197,0.32255127182001375
SBC5_LUNG,0.3947609116177271,0.25689348887469554,0.3483455995075773
SCABER_URINARY_TRACT,0.24518440322212579,0.37564934870278605,0.37916624807508814
SCC15_UPPER_AERODIGESTIVE_TRACT,0.23045096119993813,0.38366781702552755,0.3858812217745343
SCC25_UPPER_AERODIGESTIVE_TRACT,0.2383983619441687,0.38146782737046087,0.38013381068537044
SCC4_UPPER_AERODIGESTIVE_TRACT,0.25309329098449085,0.36309436749695917,0.3838123415185499
SCC9_UPPER_AERODIGESTIVE_TRACT,0.3058227320557662,0.3342934895286913,0.3598837784155425
SCLC21H_LUNG,0.45616759904957815,0.2522093918948631,0.29162300905555877
SEM_HAEMATOPOIETIC_AND_LYMPHOID_TISSUE,0.41742841759641325,0.26165944645338574,0.320912135950201
SET2_HAEMATOPOIETIC_AND_LYMPHOID_TISSUE,0.4292966544620237,0.2597403739034449,0.31096297163453135
SF126_CENTRAL_NERVOUS_SYSTEM,0.3139662861587304,0.3265086232618492,0.35952509057942034
SF172_CENTRAL_NERVOUS_SYSTEM,0.2718928608009666,0.33132879054007924,0.39677834865895406
SF268_CENTRAL_NERVOUS_SYSTEM,0.27855883345419913,0.33359003288324046,0.3878511336625604
SF295_CENTRAL_NERVOUS_SYSTEM,0.3315507821641371,0.2990736268210697,0.3693755910147933
SF539_CENTRAL_NERVOUS_SYSTEM,0.2906146588315754,0.3278931333143436,0.38149220785408106
SF767_CERVIX,0.2755608928782764,0.3285899143620115,0.39584919275971203
SH10TC_STOMACH,0.25549744830445054,0.34984819636712877,0.3946543553284207
SH4_SKIN,0.33667917805378145,0.30875860188137194,0.35456222006484667
SHP77_LUNG,0.4440816671564761,0.2435003299312947,0.3124180029122291
SIGM5_HAEMATOPOIETIC_AND_LYMPHOID_TISSUE,0.30475086009069025,0.3204620955577799,0.3747870443515299
SIHA_CERVIX,0.3698203556509444,0.29837047595744376,0.33180916839161173
SIMA_AUTONOMIC_GANGLIA,0.4200031369767344,0.26261169561384456,0.31738516740942113
SJSA1_BONE,0.3504044232027741,0.3130220327847083,0.33657354401251754
SKBR3_BREAST,0.29528711508147176,0.3215637513714819,0.3831491335470463
SKCO1_LARGE_INTESTINE,0.2687857124808194,0.34515064182044386,0.38606364569873675
SKES1_BONE,0.4863106201241121,0.2310309875860891,0.2826583922897988
SKHEP1_LIVER,0.26350363604192917,0.33923489584263467,0.3972614681154361
SKLMS1_SOFT_TISSUE,0.37811152042672375,0.2825533320245033,0.33933514754877303
SKLU1_LUNG,0.2612829748229311,0.3604371420593595,0.3782798831177095
SKM1_HAEMATOPOIETIC_AND_LYMPHOID_TISSUE,0.3628540191557895,0.26697963728627266,0.37016634355793787
SKMEL1_SKIN,0.3607176447242055,0.29336832207087793,0.34591403320491665
SKMEL24_SKIN,0.2606042397122584,0.35813915631788695,0.38125660396985467
SKMEL28_SKIN,0.28615752994974447,0.31976402617540356,0.394078443874852
SKMEL30_SKIN,0.3323230975756937,0.3025651461853124,0.36511175623899395
SKMEL31_SKIN,0.3281536806222835,0.3115769550252461,0.36026936435247037
SKMEL3_SKIN,0.3657912255853169,0.27460481056322394,0.3596039638514591
SKMEL5_SKIN,0.28613288797967645,0.3179388232314708,0.3959282887888528
SKMES1_LUNG,0.331985528770401,0.3038670603287123,0.3641474109008867
SKMM2_HAEMATOPOIETIC_AND_LYMPHOID_TISSUE,0.37250167748970736,0.27501185026600733,0.3524864722442852
SKNAS_AUTONOMIC_GANGLIA,0.4170267745388518,0.2631394338970034,0.3198337915641449
SKNBE2_AUTONOMIC_GANGLIA,0.4671988199644918,0.24068653212070834,0.29211464791479996
SKNDZ_AUTONOMIC_GANGLIA,0.4878605785172493,0.22516437878148346,0.2869750427012672
SKNEP1_BONE,0.4830746156426132,0.2320366235763649,0.2848887607810218
SKNFI_AUTONOMIC_GANGLIA,0.47669724994909674,0.23594996601453147,0.28735278403637177
SKNMC_BONE,0.4750176443977884,0.23467455737095747,0.2903077982312541
SKNO1_HAEMATOPOIETIC_AND_LYMPHOID_TISSUE,0.3846959344268439,0.27420150429624635,0.34110256127690974
SKNSH_AUTONOMIC_GANGLIA,0.38412804277509954,0.2881481427835002,0.3277238144414002
SKOV3_OVARY,0.3744107195624953,0.2949583942642889,0.3306308861732158
SKPNDW_BONE,0.4673338332173578,0.24232761156204508,0.29033855522059715
SKRC20_KIDNEY,0.27203502915300404,0.3155515502243264,0.4124134206226696
SKUT1_SOFT_TISSUE,0.41673561486706046,0.2730444175965852,0.3102199675363542
SLR20_KIDNEY,0.4144292834736336,0.252531640815491,0.3330390757108753
SLR21_KIDNEY,0.2822278188249854,0.3224965992618241,0.3952755819131905
SLR23_KIDNEY,0.24994997041403214,0.3482133780370825,0.40183665154888526
SLR24_KIDNEY,0.2555712330852812,0.35839822669116606,0.3860305402235528
SLR25_KIDNEY,0.2931205432663896,0.3170346359133999,0.38984482082021055
SLR26_KIDNEY,0.29743074283453264,0.307617738494556,0.39495151867091144
SNB75_CENTRAL_NERVOUS_SYSTEM,0.33699327898470943,0.32049603948996924,0.3425106815253213
SNGM_ENDOMETRIUM,0.2928587063276067,0.328401734970554,0.37873955870183923
SNU1033_LARGE_INTESTINE,0.2586650173469763,0.3471613725638304,0.3941736100891934
SNU1040_LARGE_INTESTINE,0.35689752924622264,0.28778138895680966,0.3553210817969676
SNU1041_UPPER_AERODIGESTIVE_TRACT,0.23861147092557003,0.36786584420755725,0.3935226848668727
SNU1066_UPPER_AERODIGESTIVE_TRACT,0.27245644873559366,0.3535590616503084,0.3739844896140979
SNU1076_UPPER_AERODIGESTIVE_TRACT,0.25783297283195405,0.3504017513072008,0.39176527586084514
SNU1077_ENDOMETRIUM,0.2594404801241966,0.35636260579233225,0.3841969140834711
SNU1079_BILIARY_TRACT,0.25286856501577093,0.3581007297751048,0.38903070520912425
SNU1105_CENTRAL_NERVOUS_SYSTEM,0.32665654504166747,0.3214916678884924,0.35185178706984005
SNU1196_BILIARY_TRACT,0.26842184083753406,0.3446085604781457,0.3869695986843203
SNU1197_LARGE_INTESTINE,0.23535061614448405,0.36455773967264066,0.4000916441828753
SNU119_OVARY,0.3169719985859917,0.3042736490866295,0.37875435232737886
SNU1214_UPPER_AERODIGESTIVE_TRACT,0.24939649960481278,0.3464923527081918,0.4041111476869954
SNU1272_KIDNEY,0.24324443914604024,0.35578513638216286,0.4009704244717969
SNU16_STOMACH,0.3531692247111965,0.27492108705727447,0.3719096882315291
SNU175_LARGE_INTESTINE,0.4313497941412588,0.24792229545337904,0.3207279104053621
SNU182_LIVER,0.3199507125512578,0.3259915368489651,0.3540577505997772
SNU1_STOMACH,0.35876548038217576,0.2960268898263442,0.34520762979148006
SNU201_CENTRAL_NERVOUS_SYSTEM,0.3453496254114792,0.304820887446747,0.34982948714177375
SNU213_PANCREAS,0.2615180012739312,0.3499329263182748,0.38854907240779407
SNU216_STOMACH,0.36760536569862085,0.28813190096452107,0.34426273333685803
SNU245_BILIARY_TRACT,0.292711466217949,0.3257217837542641,0.3815667500277869
SNU283_LARGE_INTESTINE,0.2838840296256235,0.3230531306841309,0.3930628396902457
SNU308_BILIARY_TRACT,0.34423551177616163,0.30066015866854623,0.35510432955529214
SNU324_PANCREAS,0.2794994881770874,0.3285981536840354,0.3919023581388772
SNU349_KIDNEY,0.23817694761797453,0.3661329577664116,0.39569009461561394
SNU387_LIVER,0.28979110503999544,0.3471933652404773,0.3630155297195272
SNU398_LIVER,0.4626700485822754,0.24416154052390646,0.2931684108938181
SNU407_LARGE_INTESTINE,0.35222721405304214,0.2839225263163936,0.3638502596305644
SNU410_PANCREAS,0.2985501266651699,0.31243456909299294,0.3890153042418372
SNU423_LIVER,0.32100234843098824,0.31608420650217217,0.3629134450668395
SNU449_LIVER,0.37271955681496943,0.2778747310897507,0.3494057120952799
SNU466_CENTRAL_NERVOUS_SYSTEM,0.2743354823763486,0.33518109977369465,0.39048341784995677
SNU46_UPPER_AERODIGESTIVE_TRACT,0.37347817700206404,0.2911601142675971,0.3353617087303389
SNU475_LIVER,0.3100692294433545,0.32471873060275996,0.3652120399538855
SNU478_BILIARY_TRACT,0.2533377140654515,0.3611244670864704,0.38553781884807803
SNU489_CENTRAL_NERVOUS_SYSTEM,0.30009176284644873,0.32231020314212244,0.3775980340114288
SNU503_LARGE_INTESTINE,0.3139509702686033,0.30857752590221427,0.37747150382918243
SNU520_STOMACH,0.3127495631747195,0.3134389044412658,0.3738115323840147
SNU5_STOMACH,0.3336792440398233,0.2854911985815315,0.38082955737864527
SNU601_STOMACH,0.2728243703470875,0.33693995860375203,0.3902356710491605
SNU61_LARGE_INTESTINE,0.2581787766021369,0.3445543374410627,0.3972668859568004
SNU620_STOMACH,0.34464623868835126,0.2852504977510055,0.3701032635606433
SNU626_CENTRAL_NERVOUS_SYSTEM,0.37913245243024646,0.27817280375620884,0.34269474381354476
SNU668_STOMACH,0.2955450009661699,0.3171767056534705,0.3872782933803595
SNU685_ENDOMETRIUM,0.2717311443874049,0.35145448712148164,0.37681436849111355
SNU719_STOMACH,0.3639841215327649,0.29396584400326775,0.3420500344639674
SNU738_CENTRAL_NERVOUS_SYSTEM,0.3104232238303497,0.32067820852850026,0.36889856764115003
SNU761_LIVER,0.2692176737907873,0.34021313609599346,0.3905691901132192
SNU81_LARGE_INTESTINE,0.4056450597874461,0.28136324316718203,0.31299169704537183
SNU840_OVARY,0.29584151001431447,0.33492929493892104,0.3692291950467645
SNU869_BILIARY_TRACT,0.2490344704171329,0.36410286340087655,0.38686266618199067
SNU878_LIVER,0.2611833012877255,0.33824914159325586,0.4005675571190186
SNU886_LIVER,0.3341862899219981,0.31830711099846926,0.34750659907953263
SNU899_UPPER_AERODIGESTIVE_TRACT,0.25450693921553996,0.3571964855063027,0.3882965752781573
SNU8_OVARY,0.25123115314799516,0.35540986139580577,0.393358985456199
SNUC1_LARGE_INTESTINE,0.2904478060049124,0.325057682451641,0.3844945115434466
SNUC2A_LARGE_INTESTINE,0.3957798079648492,0.28831969795192597,0.31590049408322485
SNUC4_LARGE_INTESTINE,0.3604074530841618,0.29296090149558607,0.3466316454202522
SNUC5_LARGE_INTESTINE,0.36041508287272644,0.3026618923332217,0.33692302479405195
SQ1_LUNG,0.2719771633552766,0.32830830646986053,0.3997145301748628
SR786_HAEMATOPOIETIC_AND_LYMPHOID_TISSUE,0.33637122157237337,0.322396588219148,0.3412321902084786
ST486_HAEMATOPOIETIC_AND_LYMPHOID_TISSUE,0.43951362546937234,0.2500954374764521,0.31039093705417564
STM9101_SOFT_TISSUE,0.3610367850486478,0.29256752217124843,0.34639569278010385
SU8686_PANCREAS,0.26231650079554913,0.3617546710451937,0.37592882815925716
SUDHL10_HAEMATOPOIETIC_AND_LYMPHOID_TISSUE,0.3310022282122513,0.3048993222214336,0.36409844956631515
SUDHL1_HAEMATOPOIETIC_AND_LYMPHOID_TISSUE,0.33812412528288316,0.3204879263568048,0.34138794836031194
SUDHL4_HAEMATOPOIETIC_AND_LYMPHOID_TISSUE,0.3116806474974574,0.32002707889758675,0.3682922736049558
SUDHL5_HAEMATOPOIETIC_AND_LYMPHOID_TISSUE,0.396948686724681,0.27846408585736415,0.32458722741795487
SUDHL6_HAEMATOPOIETIC_AND_LYMPHOID_TISSUE,0.40246600314155634,0.2669476782140803,0.3305863186443635
SUDHL8_HAEMATOPOIETIC_AND_LYMPHOID_TISSUE,0.342017205706593,0.3023287384087081,0.35565405588469884
SUIT2_PANCREAS,0.34658119846308194,0.2859087493688649,0.36751005216805327
SUPB15_HAEMATOPOIETIC_AND_LYMPHOID_TISSUE,0.4401145099433385,0.2593089873231642,0.3005765027334973
SUPM2_HAEMATOPOIETIC_AND_LYMPHOID_TISSUE,0.2945721145994593,0.3251134254607941,0.38031445993974666
SUPT11_HAEMATOPOIETIC_AND_LYMPHOID_TISSUE,0.47233356567646145,0.23541768462948578,0.29224874969405285
SUPT1_HAEMATOPOIETIC_AND_LYMPHOID_TISSUE,0.4740301965595395,0.23842847721736515,0.2875413262230953
SW1088_CENTRAL_NERVOUS_SYSTEM,0.3765953086979275,0.2920145404552733,0.3313901508467993
SW1116_LARGE_INTESTINE,0.26226779359426117,0.3582338576478139,0.37949834875792493
SW1271_LUNG,0.3844138323165084,0.2906143213734124,0.32497184631007925
SW1353_BONE,0.352160018627775,0.3107202880378561,0.33711969333436886
SW1417_LARGE_INTESTINE,0.30082896135433207,0.3150203694090001,0.38415066923666774
SW1463_LARGE_INTESTINE,0.28032139259435906,0.329492749517928,0.39018585788771293
SW1573_LUNG,0.3935373902456728,0.2809880292160167,0.32547458053831035
SW1710_URINARY_TRACT,0.3773752923725377,0.2842451505075795,0.3383795571198829
SW1783_CENTRAL_NERVOUS_SYSTEM,0.3336263030416111,0.3047599609990713,0.3616137359593175
SW1990_PANCREAS,0.2730655093761728,0.33626032532132283,0.39067416530250443
SW403_LARGE_INTESTINE,0.34774447874196857,0.274041421541736,0.37821409971629544
SW480_LARGE_INTESTINE,0.2715591577853806,0.3466853532263839,0.3817554889882356
SW48_LARGE_INTESTINE,0.3504243013015364,0.3092051842507914,0.34037051444767213
SW579_THYROID,0.3336496762593065,0.31407084251266076,0.35227948122803276
SW620_LARGE_INTESTINE,0.36939123705159055,0.2687348927086481,0.3618738702397615
SW780_URINARY_TRACT,0.4121422832430547,0.2720842293344059,0.31577348742253936
SW837_LARGE_INTESTINE,0.39579388902559404,0.27671373484046474,0.3274923761339413
SW900_LUNG,0.3040085761211305,0.32132141207563814,0.3746700118032314
SW948_LARGE_INTESTINE,0.3108376958762004,0.29691412958662183,0.3922481745371778
T173_FIBROBLAST,0.30459369679542747,0.3397201601678383,0.35568614303673435
T24_URINARY_TRACT,0.36934336181780186,0.2917778560265475,0.3388787821556507
T3M10_LUNG,0.2825615029592246,0.3157320240212992,0.4017064730194761
T3M4_PANCREAS,0.29463912514820445,0.31179975143598376,0.39356112341581173
T47D_BREAST,0.3997321575614541,0.2505812997657987,0.34968654267274735
T84_LARGE_INTESTINE,0.2887568274706645,0.3258920695439215,0.38535110298541403
T98G_CENTRAL_NERVOUS_SYSTEM,0.35548836485508634,0.29143847211927654,0.3530731630256371
TALL1_HAEMATOPOIETIC_AND_LYMPHOID_TISSUE,0.4661534316929742,0.24210316743989443,0.29174340086713146
TC71_BONE,0.4258540443613703,0.25320997745350804,0.32093597818512165
TCCPAN2_PANCREAS,0.276980893505992,0.3049753736160132,0.4180437328779948
TCCSUP_URINARY_TRACT,0.3608979088540393,0.30743900226038773,0.33166308888557305
TE10_OESOPHAGUS,0.2690269236462498,0.3486423122936775,0.38233076406007266
TE11_OESOPHAGUS,0.23952605615814956,0.3737452856990266,0.3867286581428238
TE125T_FIBROBLAST,0.3077867177549428,0.3332313257259482,0.3589819565191089
TE14_OESOPHAGUS,0.35515826443463844,0.29817281268345536,0.3466689228819063
TE159T_FIBROBLAST,0.28696289846192446,0.3491740471766125,0.363863054361463
TE15_OESOPHAGUS,0.26207564939329026,0.34795837165327004,0.38996597895343965
TE1_OESOPHAGUS,0.31257239337653675,0.32970511870267494,0.35772248792078837
TE441T_SOFT_TISSUE,0.40796993121954106,0.28239520778050703,0.3096348609999519
TE4_OESOPHAGUS,0.27048728881043926,0.3409376228673682,0.3885750883221925
TE5_OESOPHAGUS,0.28096829886942326,0.33086834102146645,0.3881633601091103
TE617T_SOFT_TISSUE,0.44779362819897245,0.24594375117727157,0.30626262062375603
TE6_OESOPHAGUS,0.405026680499384,0.2624163716089633,0.33255694789165274
TE8_OESOPHAGUS,0.36660087336448755,0.30586046134596434,0.32753866528954806
TE9_OESOPHAGUS,0.2683780767121981,0.3380359624304822,0.3935859608573198
TEN_ENDOMETRIUM,0.29805356162098656,0.3064759796468924,0.395470458732121
TF1_HAEMATOPOIETIC_AND_LYMPHOID_TISSUE,0.4022604115078763,0.2680881939852097,0.3296513945069141
TGBC11TKB_STOMACH,0.34571548571840516,0.3132762043245736,0.3410083099570213
THP1_HAEMATOPOIETIC_AND_LYMPHOID_TISSUE,0.42158459128543446,0.2456058222930907,0.33280958642147485
TIG3TD_FIBROBLAST,0.2958256710575441,0.3260897483178086,0.3780845806246472
TM31_CENTRAL_NERVOUS_SYSTEM,0.32715748151958307,0.3254298089525942,0.3474127095278227
TM87_SOFT_TISSUE,0.4306261428984586,0.2502568591736229,0.31911699792791853
TO175T_FIBROBLAST,0.30406339743769745,0.3480559819373171,0.3478806206249854
TOLEDO_HAEMATOPOIETIC_AND_LYMPHOID_TISSUE,0.4416120261932498,0.25578704696121624,0.30260092684553397
TOV112D_OVARY,0.445131030055888,0.24341368933903326,0.3114552806050787
TOV21G_OVARY,0.3232962477086077,0.3097313096113256,0.3669724426800667
TT2609C02_THYROID,0.3418821378192667,0.3015370608766774,0.35658080130405584
TTC1240_SOFT_TISSUE,0.40687544778830925,0.2721894954149887,0.32093505679670203
TTC549_SOFT_TISSUE,0.434636300593884,0.25886086693830196,0.3065028324678142
TTC642_SOFT_TISSUE,0.4392107174059605,0.25348433645038326,0.30730494614365617
TTC709_SOFT_TISSUE,0.42500900852350454,0.2515585310511227,0.3234324604253728
TT_OESOPHAGUS,0.36137369901226984,0.2818565397719526,0.3567697612157776
TT_THYROID,0.45079447662231675,0.24489359864729565,0.30431192473038765
TUHR10TKB_KIDNEY,0.2954309514761267,0.33649536989552964,0.36807367862834356
TUHR14TKB_KIDNEY,0.31639545299171223,0.3049234062006372,0.37868114080765064
TUHR4TKB_KIDNEY,0.29291943188370806,0.32368899330956097,0.383391574806731
TYKNU_OVARY,0.3270672179105533,0.3023680910766132,0.3705646910128334
U118MG_CENTRAL_NERVOUS_SYSTEM,0.39877104197531243,0.28319839695346744,0.31803056107122013
U178_CENTRAL_NERVOUS_SYSTEM,0.35825010744465013,0.29430856235434183,0.34744133020100804
U251MG_CENTRAL_NERVOUS_SYSTEM,0.3569070622760414,0.28889386618727547,0.3541990715366832
U266B1_HAEMATOPOIETIC_AND_LYMPHOID_TISSUE,0.3987183635273864,0.2675855867730797,0.3336960496995341
U2OS_BONE,0.3890852466085719,0.2846944454577424,0.32622030793368567
U343_CENTRAL_NERVOUS_SYSTEM,0.29061330963217663,0.32896881764604424,0.3804178727217792
U87MG_CENTRAL_NERVOUS_SYSTEM,0.293606558831885,0.33555283284901644,0.37084060831909854
U937_HAEMATOPOIETIC_AND_LYMPHOID_TISSUE,0.3225106539128076,0.29385586648599976,0.3836334796011926
UACC257_SKIN,0.36989679798566094,0.2751244337580775,0.35497876825626157
UACC62_SKIN,0.33301103847194236,0.29970205254355087,0.3672869089845067
UACC812_BREAST,0.33474073623446393,0.30379780198051476,0.36146146178502125
UACC893_BREAST,0.3295987233212468,0.2963819939697012,0.374019282709052
UBLC1_URINARY_TRACT,0.262369187753404,0.3501977336462505,0.38743307860034554
UMUC1_URINARY_TRACT,0.23567318645294208,0.3670801632070293,0.39724665034002865
UMUC3_URINARY_TRACT,0.3771641435491008,0.28572784177088334,0.3371080146800159
UO31_KIDNEY,0.283651285728922,0.3320685161077733,0.38428019816330466
UOK101_KIDNEY,0.29528475513312635,0.31353794957084047,0.39117729529603323
VCAP_PROSTATE,0.3787762164244081,0.2703198415477029,0.350903942027889
VMCUB1_URINARY_TRACT,0.3595988689708849,0.3040833443409374,0.3363177866881777
VMRCRCW_KIDNEY,0.324732781625619,0.30686051861832986,0.36840669975605117
VMRCRCZ_KIDNEY,0.3487186844345118,0.2924058139996864,0.3588755015658017
WM115_SKIN,0.3738414598265314,0.2988713242887401,0.32728721588472864
WM1799_SKIN,0.3677418770837119,0.29636583740339917,0.33589228551288886
WM2664_SKIN,0.378142541006358,0.28206847265671214,0.33978898633692983
WM793_SKIN,0.3089260144280963,0.337729462832622,0.3533445227392817
WM88_SKIN,0.3901657214527975,0.2817217655362548,0.3281125130109476
WM983B_SKIN,0.3757544919285541,0.2961767492667223,0.3280687588047236
WSUDLCL2_HAEMATOPOIETIC_AND_LYMPHOID_TISSUE,0.3357065900816021,0.2985484225143832,0.3657449874040147
YAPC_PANCREAS,0.35029997044232386,0.29837959741925707,0.35132043213841907
YD10B_UPPER_AERODIGESTIVE_TRACT,0.2582391436809662,0.35937066804290335,0.3823901882761305
YD15_SALIVARY_GLAND,0.2775586072556489,0.3232972147845245,0.3991441779598265
YD38_UPPER_AERODIGESTIVE_TRACT,0.2336602800133331,0.3898279390787899,0.3765117809078769
YD8_UPPER_AERODIGESTIVE_TRACT,0.35467472445815607,0.31498425456740964,0.3303410209744344
YH13_CENTRAL_NERVOUS_SYSTEM,0.3875351055713721,0.2919502203278715,0.32051467410075635
YKG1_CENTRAL_NERVOUS_SYSTEM,0.3974302830071113,0.27894635896849235,0.32362335802439635
ZR751_BREAST,0.4309815791231429,0.2546232540554639,0.3143951668213931
ZR7530_BREAST,0.30670413129724033,0.31238780344225986,0.3809080652604998
