,feature,mean,scale
0,PROGENy::Androgen,-0.21679368800362045,0.030406426090715324
1,PROGENy::EGFR,-0.3766032366102761,0.0740337600052143
2,PROGENy::Estrogen,-0.23793800122917114,0.1443803112311992
3,PROGENy::Hypoxia,-1.2179680473717889,0.16065566337986856
4,PROGENy::JAK-STAT,0.05210693710606602,0.07779914352774694
5,PROGENy::MAPK,0.2904773785424627,0.10369372649736756
6,PROGENy::NFkB,-0.8614156354573554,0.15557057151783207
7,PROGENy::PI3K,0.4462793865020097,0.11974372667545259
8,PROGENy::TGFb,0.22495342142545177,0.041860294752173614
9,PROGENy::TNFa,-0.3713472433874194,0.12887747489170404
10,PROGENy::Trail,-0.2970130589997036,0.03902170992877825
11,PROGENy::VEGF,0.6930670903498737,0.0586920451259806
12,PROGENy::WNT,-0.008404560980135365,0.03261908976548587
13,PROGENy::p53,-1.6646008660679352,0.1905909154452812
14,Hallmark::HALLMARK_ADIPOGENESIS,0.23477078746211977,0.03637624795536079
15,Hallmark::HALLMARK_ALLOGRAFT_REJECTION,0.4355797277712827,0.03691876986727295
16,Hallmark::HALLMARK_ANDROGEN_RESPONSE,0.27050534264176584,0.02910381236445302
17,Hallmark::HALLMARK_ANGIOGENESIS,0.07410521653885857,0.12562206376238774
18,Hallmark::HALLMARK_APICAL_JUNCTION,0.22781264468827206,0.029983679100782288
19,Hallmark::HALLMARK_APICAL_SURFACE,0.240428375846403,0.0895606601749528
20,Hallmark::HALLMARK_APOPTOSIS,0.3317985917923814,0.05271233853057871
21,Hallmark::HALLMARK_BILE_ACID_METABOLISM,0.014711736443945845,0.03876024514267084
22,Hallmark::HALLMARK_CHOLESTEROL_HOMEOSTASIS,0.1323918359379858,0.06943351130851898
23,Hallmark::HALLMARK_COAGULATION,0.15275100966499006,0.07812731725026122
24,Hallmark::HALLMARK_COMPLEMENT,0.280390458905051,0.07690426119709189
25,Hallmark::HALLMARK_DNA_REPAIR,0.23444122719429422,0.03611202663396503
26,Hallmark::HALLMARK_E2F_TARGETS,0.16803711228520044,0.10573683167284136
27,Hallmark::HALLMARK_EPITHELIAL_MESENCHYMAL_TRANSITION,0.20503661438379456,0.060308589338814333
28,Hallmark::HALLMARK_ESTROGEN_RESPONSE_EARLY,0.17280867866110947,0.03879426961226565
29,Hallmark::HALLMARK_ESTROGEN_RESPONSE_LATE,0.1478047466302611,0.041960260332000274
30,Hallmark::HALLMARK_FATTY_ACID_METABOLISM,0.22300161919061154,0.04319825883852778
31,Hallmark::HALLMARK_G2M_CHECKPOINT,0.20975760343037328,0.08597907804731605
32,Hallmark::HALLMARK_GLYCOLYSIS,0.14009499807635392,0.036462614840323156
33,Hallmark::HALLMARK_HEDGEHOG_SIGNALING,0.24617523410939515,0.04865497636642062
34,Hallmark::HALLMARK_HEME_METABOLISM,0.20960481543876303,0.06931335104961439
35,Hallmark::HALLMARK_HYPOXIA,0.31168658108579494,0.06227101996811067
36,Hallmark::HALLMARK_IL2_STAT5_SIGNALING,0.21246452838419594,0.052606730502672644
37,Hallmark::HALLMARK_IL6_JAK_STAT3_SIGNALING,0.34963501865427604,0.08844922843875112
38,Hallmark::HALLMARK_INFLAMMATORY_RESPONSE,0.30647484500940475,0.08461091952096632
39,Hallmark::HALLMARK_INTERFERON_ALPHA_RESPONSE,0.2909068175364928,0.10085637909285043
40,Hallmark::HALLMARK_INTERFERON_GAMMA_RESPONSE,0.32086429303197433,0.08422427930664297
41,Hallmark::HALLMARK_KRAS_SIGNALING_DN,-0.07371354055162756,0.06940433737051908
42,Hallmark::HALLMARK_KRAS_SIGNALING_UP,0.10962971863247159,0.06252053426071175
43,Hallmark::HALLMARK_MITOTIC_SPINDLE,0.1572958395000207,0.03994032803252474
44,Hallmark::HALLMARK_MTORC1_SIGNALING,0.28531376613738657,0.04113430882038318
45,Hallmark::HALLMARK_MYC_TARGETS_V1,0.5340097177243508,0.055470842219720214
46,Hallmark::HALLMARK_MYC_TARGETS_V2,0.13279167461897576,0.10868804542462943
47,Hallmark::HALLMARK_MYOGENESIS,0.13250660158555289,0.0518718129090431
48,Hallmark::HALLMARK_NOTCH_SIGNALING,-0.0030179311126029935,0.06518300465438512
49,Hallmark::HALLMARK_OXIDATIVE_PHOSPHORYLATION,0.2990110001266367,0.046500253317337883
50,Hallmark::HALLMARK_P53_PATHWAY,0.24812917572024656,0.05124630986261101
51,Hallmark::HALLMARK_PANCREAS_BETA_CELLS,0.18314647982269144,0.04833149631042969
52,Hallmark::HALLMARK_PEROXISOME,0.17211538900859116,0.03654459475213168
53,Hallmark::HALLMARK_PI3K_AKT_MTOR_SIGNALING,0.3319275728057097,0.019118959686659238
54,Hallmark::HALLMARK_PROTEIN_SECRETION,0.29908684645769135,0.035360553255682006
55,Hallmark::HALLMARK_REACTIVE_OXYGEN_SPECIES_PATHWAY,0.35458211831338765,0.03015882594325472
56,Hallmark::HALLMARK_SPERMATOGENESIS,0.01619253044370047,0.05649350667789772
57,Hallmark::HALLMARK_TGF_BETA_SIGNALING,0.30703447733491385,0.06370592446524713
58,Hallmark::HALLMARK_TNFA_SIGNALING_VIA_NFKB,0.3467185548538842,0.1296800330031426
59,Hallmark::HALLMARK_UNFOLDED_PROTEIN_RESPONSE,0.2983725848109921,0.03031842874358204
60,Hallmark::HALLMARK_UV_RESPONSE_DN,0.10703594888779686,0.03729719496614489
61,Hallmark::HALLMARK_UV_RESPONSE_UP,0.34622373149960106,0.03629549843839985
62,Hallmark::HALLMARK_WNT_BETA_CATENIN_SIGNALING,0.1751573255474651,0.035674072875701755
63,Hallmark::HALLMARK_XENOBIOTIC_METABOLISM,0.11178942603481716,0.036342798571198966
64,DoRothEA::ADNP,5.366187212127806,0.11367028002580226
65,DoRothEA::ADNP2,5.4490852796081,0.2863649756721456
66,DoRothEA::AEBP2,5.418593143655024,0.09926989820426495
67,DoRothEA::AHR,5.299161798167394,0.4035966584732836
68,DoRothEA::AHRR,-4.324820053433915,0.49634785098547285
69,DoRothEA::AIRE,4.944107142857143,0.07603771120774394
70,DoRothEA::ALX1,5.086730343141664,0.05378717296523217
71,DoRothEA::ALX3,5.108681067115795,0.07149351527060363
72,DoRothEA::ALX4,4.894262472191224,0.08229180430520823
73,DoRothEA::AR,5.214900095920923,0.12769526514629753
74,DoRothEA::ARID2,6.085401091129521,0.25627490141856984
75,DoRothEA::ARID3A,6.309871354482387,0.33702766239497783
76,DoRothEA::ARID3B,5.30309767851261,0.0778860609497462
77,DoRothEA::ARID5A,-5.228282679696541,0.12279364802165091
78,DoRothEA::ARID5B,5.338356510745891,0.12852405747514137
79,DoRothEA::ARNT,5.4089442570630695,0.22921192266363202
80,DoRothEA::ARNT2,4.53521288942081,0.16646722752819768
81,DoRothEA::ARNTL,4.445814867201006,0.5980992653630279
82,DoRothEA::ARNTL2,5.659324768509239,0.17446157574711849
83,DoRothEA::ARX,5.2123103749851545,0.09250420577433113
84,DoRothEA::ASCL1,4.976386781535296,0.2108972063425766
85,DoRothEA::ASCL2,5.23760796487812,0.14028047699360446
86,DoRothEA::ATF1,6.628562942008487,0.6130145466789519
87,DoRothEA::ATF2,7.291621876473361,0.7525185257030151
88,DoRothEA::ATF3,-5.611010608203678,0.24254139775674782
89,DoRothEA::ATF4,6.325899929278642,0.844161193676163
90,DoRothEA::ATF5,5.872867924155052,0.20155801514006033
91,DoRothEA::ATF6,7.853547383309761,0.314142665188057
92,DoRothEA::ATF6B,5.117558044334369,0.1554007859921333
93,DoRothEA::ATF7,5.4360765020601445,0.21109005340683967
94,DoRothEA::ATOH1,5.173310854305245,0.042341525787122025
95,DoRothEA::ATOH8,4.8854734672974685,0.21927296395068838
96,DoRothEA::BACH1,5.181517562470532,0.21003290043156433
97,DoRothEA::BACH2,5.949642857142857,0.20669786849600882
98,DoRothEA::BARHL1,5.017750132156073,0.07256823421865156
99,DoRothEA::BARHL2,5.194132751348826,0.0572766698825246
100,DoRothEA::BARX1,5.188054552373294,0.06312278045471967
101,DoRothEA::BARX2,4.182785007072136,0.30928921085283984
102,DoRothEA::BATF,5.357007942552498,0.3051592754650366
103,DoRothEA::BATF2,5.181899222065064,0.32397091579648785
104,DoRothEA::BATF3,5.415697800595527,0.09219686644396176
105,DoRothEA::BBX,5.315750389024594,0.07435307359524963
106,DoRothEA::BCL11A,5.810251229204554,0.24772805640790976
107,DoRothEA::BCL11B,5.1861986050821836,0.26762704182671243
108,DoRothEA::BCL6,-5.863124312431243,0.22967676827444122
109,DoRothEA::BCL6B,4.935806624735422,0.08900447438158093
110,DoRothEA::BHLHA15,5.208334440442309,0.06413866032828672
111,DoRothEA::BHLHE22,-5.596533367622476,0.37430909597111145
112,DoRothEA::BHLHE23,5.201896964421717,0.07728966995726982
113,DoRothEA::BHLHE40,-5.826003359264498,0.3660873882596531
114,DoRothEA::BHLHE41,-5.282421840706238,0.09935206436678035
115,DoRothEA::BNC1,4.350744063128117,0.22297967284968773
116,DoRothEA::BNC2,4.723917963224894,0.21112465890191962
117,DoRothEA::BPTF,4.7431400282885425,0.38850933544784544
118,DoRothEA::BRF2,5.38275421419693,0.07218812639344405
119,DoRothEA::BSX,5.266137238723872,0.0532530890634913
120,DoRothEA::CASZ1,5.049442659497737,0.1254172096563161
121,DoRothEA::CBX2,4.461836049443454,0.1777579813349846
122,DoRothEA::CDC5L,5.774475257009595,0.08141759420243268
123,DoRothEA::CDX1,7.550671852899575,0.5000389388937663
124,DoRothEA::CDX2,6.201428571428571,2.082173905164443
125,DoRothEA::CEBPA,5.367096317926724,0.22062674658628353
126,DoRothEA::CEBPB,5.360693069306931,0.39298154574401706
127,DoRothEA::CEBPD,8.637322017916077,0.529898113968505
128,DoRothEA::CEBPE,2.90390099009901,0.7491759443360837
129,DoRothEA::CEBPG,5.292572842998585,0.21784551280772096
130,DoRothEA::CEBPZ,5.273882273019929,0.09359689495872048
131,DoRothEA::CENPB,5.258626395740619,0.06412887702062953
132,DoRothEA::CIC,5.690646491384356,0.10912760498033043
133,DoRothEA::CLOCK,4.446544554455445,0.35365298985562443
134,DoRothEA::CREB1,4.858536990344997,0.22763695371919163
135,DoRothEA::CREB3,6.891111335623357,0.16268385248227782
136,DoRothEA::CREB3L1,5.004746974697469,0.2514941011177303
137,DoRothEA::CREB3L2,5.274955712714129,0.08843165598075887
138,DoRothEA::CREB3L3,5.010898161244696,0.6741847413999065
139,DoRothEA::CREB3L4,4.711130540647019,0.1952323439701801
140,DoRothEA::CREB5,1.196417458072338,0.4141790775141586
141,DoRothEA::CREBL2,5.436320126618742,0.10209945439926191
142,DoRothEA::CREBZF,5.3547839329081155,0.1987133793381295
143,DoRothEA::CREM,4.433679867986799,0.21297691720877118
144,DoRothEA::CRX,5.162205382993172,0.050782256195708426
145,DoRothEA::CSRNP1,6.18284131474372,0.6094656785203405
146,DoRothEA::CSRNP2,4.952090088129692,0.13595469818571546
147,DoRothEA::CSRNP3,3.983943368859179,0.26331703502126697
148,DoRothEA::CTCF,3.1146666506844385,0.09776423975584163
149,DoRothEA::CTCFL,5.800568128241396,0.1730696927008721
150,DoRothEA::CUX1,5.112075907590759,0.16990046097934
151,DoRothEA::CUX2,5.011224034168123,0.08042570425516948
152,DoRothEA::CXXC1,5.017243477968393,0.14171652251434702
153,DoRothEA::CXXC4,5.596011275120186,0.10484035615674994
154,DoRothEA::DBP,5.097364787499158,0.07160569685943623
155,DoRothEA::DDIT3,2.50406600660066,0.23193728670188427
156,DoRothEA::DEAF1,5.695705027645621,0.11754377715333239
157,DoRothEA::DLX1,4.995444345887373,0.07015269903573865
158,DoRothEA::DLX2,5.225915708147634,0.06337305419915909
159,DoRothEA::DLX3,4.994372565076056,0.05282580518281592
160,DoRothEA::DLX4,-4.967658161793988,0.06076663505166046
161,DoRothEA::DLX5,4.625308816595945,0.4946056754533802
162,DoRothEA::DLX6,4.950960790447176,0.06172764185488712
163,DoRothEA::DMBX1,-5.059464789558156,0.06392027231263879
164,DoRothEA::DMRT1,0.0,1.0
165,DoRothEA::DMRT2,0.0,1.0
166,DoRothEA::DMRT3,4.823275779818049,0.06531786347690842
167,DoRothEA::DMRTA1,4.034386670646096,0.23894026942613977
168,DoRothEA::DMRTB1,0.0,1.0
169,DoRothEA::DMRTC2,0.0,1.0
170,DoRothEA::DMTF1,4.978162990589885,0.18679215866473173
171,DoRothEA::DNMT1,3.1200718528995757,0.2667090689381429
172,DoRothEA::DR1,-0.5000424328147101,0.2319148771038354
173,DoRothEA::DUX4,5.065682853999686,0.19006276676204012
174,DoRothEA::DUXA,5.2898962502633236,0.05666001724779679
175,DoRothEA::E2F1,4.738925927960341,0.24990292458374902
176,DoRothEA::E2F2,5.301608094875421,0.8231342141310312
177,DoRothEA::E2F3,5.241112254082551,0.6031948798980028
178,DoRothEA::E2F4,5.1413089399727685,0.31073045120229037
179,DoRothEA::E2F5,6.227279156487077,0.37332423642026996
180,DoRothEA::E2F6,-5.47432325100642,0.15159421036832363
181,DoRothEA::E2F7,5.264929540573105,0.20903900459271443
182,DoRothEA::E2F8,4.845732611770494,0.4208539526007533
183,DoRothEA::E4F1,5.0906507354032104,0.13597638128024003
184,DoRothEA::EBF1,5.05045665791069,0.28810918683766873
185,DoRothEA::EBF2,4.421828368104668,0.3302775094338169
186,DoRothEA::EBF3,4.384535832154644,0.27015120338543197
187,DoRothEA::EBF4,4.858303379250969,0.15536939401837138
188,DoRothEA::EGR1,5.112348612093352,0.3015458873127619
189,DoRothEA::EGR2,4.014467569205899,0.45496103193573695
190,DoRothEA::EGR3,5.32515948885529,0.14739992970017987
191,DoRothEA::EGR4,5.1759347351352,0.08495781653180624
192,DoRothEA::EHF,4.312601131541726,0.24481134820112987
193,DoRothEA::ELF1,6.15581360309944,0.2300737197420529
194,DoRothEA::ELF2,5.314279683363037,0.059980322207865984
195,DoRothEA::ELF3,4.356178520913315,0.34165234578645526
196,DoRothEA::ELF4,5.689254810279807,0.13853285533318127
197,DoRothEA::ELF5,5.322015974706715,0.22378262705846785
198,DoRothEA::ELK1,6.970086280056576,0.4414418941147924
199,DoRothEA::ELK3,-5.647247681548095,0.11484209165454795
200,DoRothEA::ELK4,6.373067130888913,0.3067352634375503
201,DoRothEA::EMX1,5.310205499233543,0.07458335522541365
202,DoRothEA::EMX2,5.095608459296876,0.10324475573629786
203,DoRothEA::EN1,5.218546804680469,0.05761964384376063
204,DoRothEA::EN2,5.0773499322721385,0.06718555222395546
205,DoRothEA::EOMES,4.435599110931501,0.5279121248022477
206,DoRothEA::EPAS1,4.180732673267327,0.8548503036734505
207,DoRothEA::ERF,-5.387621605238295,0.08741297247296417
208,DoRothEA::ERG,4.2290311173974535,0.6116379264424542
209,DoRothEA::ESR1,4.588059012049487,0.21037052358864805
210,DoRothEA::ESR2,6.315363507779349,0.4986426095115722
211,DoRothEA::ESRRA,4.573170290450972,0.21350509853932073
212,DoRothEA::ESRRB,4.934858502461542,0.059959660275884084
213,DoRothEA::ESRRG,4.774190479222474,0.07623140496211919
214,DoRothEA::ESX1,5.03383160084716,0.07665227460523577
215,DoRothEA::ETS1,5.182849965167093,0.19690551427725292
216,DoRothEA::ETS2,5.902667373880245,0.43187964683330865
217,DoRothEA::ETV1,5.256189979900245,0.23519992535467404
218,DoRothEA::ETV2,5.2349250190560435,0.09056482404554889
219,DoRothEA::ETV3,-5.689901695109431,0.0971589378312872
220,DoRothEA::ETV4,6.787373880245167,0.7459913793536218
221,DoRothEA::ETV5,5.281512622466435,0.06777544453079917
222,DoRothEA::ETV6,-5.394465296019398,0.16202520598370582
223,DoRothEA::ETV7,-5.815043008060204,0.3144548749198166
224,DoRothEA::EVX1,5.057980244017433,0.0681620237490315
225,DoRothEA::EVX2,4.995998544375936,0.0498454041570431
226,DoRothEA::FEV,-5.275114638447971,0.06265310160253341
227,DoRothEA::FEZF1,4.966877887788779,0.07288683172472878
228,DoRothEA::FEZF2,0.0,1.0
229,DoRothEA::FIGLA,4.950028835181655,0.08396065249194629
230,DoRothEA::FIZ1,-5.13408354948572,0.1715658125872703
231,DoRothEA::FLI1,6.893779349363508,0.813474881427558
232,DoRothEA::FOS,4.605468108035293,0.26978155642525153
233,DoRothEA::FOSB,5.327723167001086,0.12886101655564236
234,DoRothEA::FOSL1,4.023451202263083,0.8096293624114386
235,DoRothEA::FOSL2,5.316379066478076,0.9815289190684747
236,DoRothEA::FOXA1,5.143705799151344,0.7471185275297485
237,DoRothEA::FOXA2,4.503253182461104,1.0412948348425566
238,DoRothEA::FOXA3,4.86655303450029,0.0708590984959377
239,DoRothEA::FOXB1,5.158830168731159,0.0841310196091372
240,DoRothEA::FOXC1,5.170274246590586,0.09057726423535652
241,DoRothEA::FOXC2,4.931977840641207,0.10101641221016465
242,DoRothEA::FOXD1,4.9445665697522125,0.05782505814973802
243,DoRothEA::FOXD2,4.98935881143918,0.07486985283702181
244,DoRothEA::FOXD3,4.734605728429986,0.09663153060318995
245,DoRothEA::FOXE1,4.703281471004243,0.6284972164161229
246,DoRothEA::FOXF1,5.015913373008459,0.46033849854044034
247,DoRothEA::FOXF2,4.7502471790036145,0.07784842089576587
248,DoRothEA::FOXG1,4.944235901851054,0.07789246331266199
249,DoRothEA::FOXH1,5.102173398755805,0.06385306040180017
250,DoRothEA::FOXI1,5.22277173737003,0.08455510846967253
251,DoRothEA::FOXJ1,4.1447127365797805,0.2972047003031268
252,DoRothEA::FOXJ2,5.695823582358236,0.17388602979141848
253,DoRothEA::FOXJ3,5.312271451300708,0.08645032395539612
254,DoRothEA::FOXK1,5.436391796322489,0.1613009404622459
255,DoRothEA::FOXK2,5.66382072135785,0.13838139618679407
256,DoRothEA::FOXL1,4.892324394538579,0.0793724257175574
257,DoRothEA::FOXL2,6.942918434700613,1.0008411678800628
258,DoRothEA::FOXM1,4.9250695426685525,0.6401116373683703
259,DoRothEA::FOXN1,3.663544554455446,0.4853117858510184
260,DoRothEA::FOXN2,5.341745161405833,0.11900063184718371
261,DoRothEA::FOXN3,-5.494386104706361,0.0647992518956382
262,DoRothEA::FOXN4,3.651892068327712,0.38025519352603165
263,DoRothEA::FOXO1,2.938728504429391,0.3857427769597235
264,DoRothEA::FOXO3,5.68855972296737,0.44275781290871347
265,DoRothEA::FOXO4,5.8337366593802225,0.5847483909102911
266,DoRothEA::FOXO6,4.727694483734088,0.09539032987735854
267,DoRothEA::FOXP1,-5.34868066781168,0.11709167321229297
268,DoRothEA::FOXP2,-4.873891519586741,0.24540073339811708
269,DoRothEA::FOXP3,3.56269801980198,0.5593420592882903
270,DoRothEA::FOXP4,-5.129685701788768,0.10967922188088584
271,DoRothEA::FOXQ1,5.04966886031736,0.050674668037806236
272,DoRothEA::FOXS1,-4.6537999018560745,0.19471533236449023
273,DoRothEA::GABPA,5.570236239429414,0.0922336852558305
274,DoRothEA::GATA1,5.017326732673268,0.29698162741536843
275,DoRothEA::GATA2,2.352185289957567,0.24454404170583838
276,DoRothEA::GATA3,5.236811010771407,0.24555463903482472
277,DoRothEA::GATA4,6.130820367751061,0.9464748668250027
278,DoRothEA::GATA5,4.783771672941942,0.06677855741636705
279,DoRothEA::GATA6,5.062457295180067,0.3260347631205036
280,DoRothEA::GATAD2A,-5.810030044270586,0.09954630851407602
281,DoRothEA::GATAD2B,-5.589228886687812,0.16674881353555618
282,DoRothEA::GBX1,4.986494578029231,0.08317625486729315
283,DoRothEA::GBX2,4.960841358451955,0.08762002312162116
284,DoRothEA::GCM1,4.87615587246798,0.0790174116781654
285,DoRothEA::GCM2,5.023993762013564,0.06294169737790159
286,DoRothEA::GFI1,-5.3016994043468735,0.049467034625633254
287,DoRothEA::GFI1B,6.409033474776049,0.1469444129410182
288,DoRothEA::GLI1,-0.05887631620304888,0.20006598604336287
289,DoRothEA::GLI2,-2.290247524752475,0.7472717768407661
290,DoRothEA::GLI3,4.231270155586987,0.57199535042309
291,DoRothEA::GLI4,4.997806961147242,0.12896658118916615
292,DoRothEA::GLIS1,5.338835041728419,0.059152295911237884
293,DoRothEA::GLIS2,5.020965823720286,0.12395082713811931
294,DoRothEA::GLIS3,5.385309149046773,0.11379556298137061
295,DoRothEA::GLYR1,6.045564107818993,0.17993582290019153
296,DoRothEA::GMEB1,5.442215484166038,0.09901240016202155
297,DoRothEA::GMEB2,5.517611581796293,0.13088385546061546
298,DoRothEA::GRHL1,4.844313852889579,0.11502056869331279
299,DoRothEA::GRHL2,4.912244351848312,0.26045999235241607
300,DoRothEA::GRHL3,4.251327385485801,0.2632269382691813
301,DoRothEA::GSC,5.224035673484931,0.0645399890752495
302,DoRothEA::GSC2,5.259012820679184,0.055929434865602284
303,DoRothEA::GSX1,5.252158514358898,0.06586153513356745
304,DoRothEA::GSX2,5.10731332230258,0.06634235175335852
305,DoRothEA::GTF2B,5.051704407760459,0.07878311100037048
306,DoRothEA::GTF2I,7.287656765676568,0.7392586857306022
307,DoRothEA::GTF3A,5.874699897663529,0.17101050783780025
308,DoRothEA::GZF1,-5.655128559960244,0.20795327267394562
309,DoRothEA::HAND1,0.0,1.0
310,DoRothEA::HAND2,3.801053088165959,0.2835144211682075
311,DoRothEA::HBP1,-5.748254138155128,0.15625165673832567
312,DoRothEA::HDX,4.811209292871118,0.10509183099646613
313,DoRothEA::HES1,-4.937667027206922,0.07761618919035984
314,DoRothEA::HES2,-4.786739042325285,0.08932522091769698
315,DoRothEA::HES4,-5.380199148687505,0.14544008041890585
316,DoRothEA::HES5,-4.831459217350306,0.074500559740191
317,DoRothEA::HES6,5.368816624177388,0.14022188632568702
318,DoRothEA::HES7,-4.966602588830312,0.10754663027983535
319,DoRothEA::HESX1,4.936713708880864,0.08960080289806202
320,DoRothEA::HEY1,4.75947582546273,0.11178275818485456
321,DoRothEA::HEY2,4.712528633083089,0.09606304085997332
322,DoRothEA::HEYL,4.661772886360586,0.31874835523037337
323,DoRothEA::HHEX,-4.5974823196605366,0.5791487229062187
324,DoRothEA::HIC1,-2.8034309961608406,0.520018157191682
325,DoRothEA::HIC2,-5.252869608283423,0.05816442179013028
326,DoRothEA::HIF1A,5.9560050101395685,0.30415755122020177
327,DoRothEA::HIF3A,4.719239191100577,0.1343025074389067
328,DoRothEA::HINFP,5.793888664376642,0.19326076871157472
329,DoRothEA::HIVEP1,5.714835124723796,0.1110805028789532
330,DoRothEA::HIVEP2,5.575660592033229,0.12152620698120403
331,DoRothEA::HIVEP3,5.452162638624111,0.11965718621723989
332,DoRothEA::HLF,5.065672560113155,0.06846674162005562
333,DoRothEA::HLX,5.59507798083498,0.183937949110826
334,DoRothEA::HMBOX1,-5.760654031117397,0.13795297794714545
335,DoRothEA::HMG20A,5.258934018507515,0.13576578349469276
336,DoRothEA::HMG20B,5.276407174199563,0.09280696495228734
337,DoRothEA::HMGA1,3.547796636806538,0.4119454175098818
338,DoRothEA::HMGA2,4.377422830518346,0.20627830777665015
339,DoRothEA::HMGN3,5.58205553164012,0.07017780922935676
340,DoRothEA::HMX1,5.052874087974568,0.06314180628205086
341,DoRothEA::HMX2,5.035586585063381,0.05799876992303565
342,DoRothEA::HMX3,5.142644398505785,0.0636856302255769
343,DoRothEA::HNF1A,0.0,1.0
344,DoRothEA::HNF1B,5.006743988684583,0.4471386899032766
345,DoRothEA::HNF4A,4.197811881188119,0.27790539785305907
346,DoRothEA::HNF4G,5.357055465750657,0.319218318654216
347,DoRothEA::HOMEZ,4.7782016819079365,0.24110175289658967
348,DoRothEA::HOXA1,5.672154644035832,0.555803883498376
349,DoRothEA::HOXA10,1.2765770862800565,0.7210066498846815
350,DoRothEA::HOXA11,5.1449031149111075,0.06816699470076681
351,DoRothEA::HOXA13,4.807987006902582,0.07169681918216914
352,DoRothEA::HOXA2,5.096633911511452,0.08965172986281948
353,DoRothEA::HOXA3,4.811908329829122,0.40162592420056875
354,DoRothEA::HOXA4,4.639897182025895,0.22779533965915363
355,DoRothEA::HOXA5,5.098150289818898,0.07773977307720968
356,DoRothEA::HOXA6,3.606417963224894,2.2450634623836225
357,DoRothEA::HOXA7,4.870500707213578,0.32225187410975736
358,DoRothEA::HOXA9,5.628532531824611,0.29744532558767434
359,DoRothEA::HOXB13,3.779937598801897,0.27731353478324333
360,DoRothEA::HOXB2,4.9357144597976275,0.08162005270308322
361,DoRothEA::HOXB3,4.888227976643818,0.0832997543417677
362,DoRothEA::HOXB4,4.958778254145592,0.08280191725126153
363,DoRothEA::HOXB5,4.905085915946616,0.08458967439540452
364,DoRothEA::HOXB6,4.601838755304102,0.7763490008328362
365,DoRothEA::HOXB7,4.569629362353145,0.1683126103112704
366,DoRothEA::HOXB8,5.166961628493676,0.08169601332397682
367,DoRothEA::HOXB9,4.52995756718529,2.095318415586837
368,DoRothEA::HOXC10,5.235030304272663,0.0904327413518703
369,DoRothEA::HOXC11,6.3741195190947675,0.21126783764445864
370,DoRothEA::HOXC12,5.141436387999702,0.08168793382346189
371,DoRothEA::HOXC13,5.08587070471753,0.06367728458691838
372,DoRothEA::HOXC4,4.382399811409712,0.4227679747467163
373,DoRothEA::HOXC6,3.4191053748231965,0.4459276748691828
374,DoRothEA::HOXC8,5.230657708628006,1.4807717220211922
375,DoRothEA::HOXC9,4.9512191086482655,0.06503441299741693
376,DoRothEA::HOXD10,4.035945308816596,0.8489012773856853
377,DoRothEA::HOXD11,5.201732443011743,0.07206247920088749
378,DoRothEA::HOXD12,5.172053873958824,0.08489981803215035
379,DoRothEA::HOXD13,4.811865562066411,0.05465940098999114
380,DoRothEA::HOXD3,5.163654003227284,0.07533367792839296
381,DoRothEA::HOXD8,4.9821119322414065,0.0835112707030881
382,DoRothEA::HOXD9,4.844221574915624,0.07307869255860384
383,DoRothEA::HSF1,5.491594059405941,0.42322557525040816
384,DoRothEA::HSF2,5.133375581446216,0.08673737447809798
385,DoRothEA::HSF4,5.106078240276681,0.10838786516073419
386,DoRothEA::HSF5,0.0,1.0
387,DoRothEA::IKZF1,5.958722489391797,0.2195634472597535
388,DoRothEA::IKZF2,4.95106636927429,0.09688603472280898
389,DoRothEA::IKZF3,5.9497970841040155,0.2688069523065861
390,DoRothEA::IKZF4,-5.29779076403881,0.13198753614864076
391,DoRothEA::IKZF5,5.430809187041153,0.19116815772149612
392,DoRothEA::INSM1,-4.730968322937124,0.06157585723563403
393,DoRothEA::IRF1,4.357648786856708,0.5211927524787001
394,DoRothEA::IRF2,5.460074478429986,0.17757330364043888
395,DoRothEA::IRF3,5.316997625782986,0.1749879031569177
396,DoRothEA::IRF4,5.671372398464336,0.17999207572092743
397,DoRothEA::IRF5,5.3740719808909665,0.19476695502348562
398,DoRothEA::IRF6,4.332543251903883,0.16222748017593216
399,DoRothEA::IRF7,9.789971711456861,0.5574400969767412
400,DoRothEA::IRF8,5.3770014144271565,0.45260421074458573
401,DoRothEA::IRF9,5.6752103960396045,0.8006880949606558
402,DoRothEA::IRX1,3.2784158415841587,1.415941380841093
403,DoRothEA::IRX2,3.5932885431400283,0.33571717335019985
404,DoRothEA::IRX3,3.4651129103058094,0.20963592488748276
405,DoRothEA::IRX4,3.4032333804809056,0.35610633995253493
406,DoRothEA::IRX5,3.110401933050448,0.46731082046548794
407,DoRothEA::IRX6,5.3286404858973295,0.2872888873651997
408,DoRothEA::ISL1,5.093699828705053,0.04780436717422963
409,DoRothEA::ISL2,4.951581488323759,0.0753399875328783
410,DoRothEA::ISX,5.266137238723872,0.0532530890634913
411,DoRothEA::JDP2,5.192655428655873,0.14780434883807528
412,DoRothEA::JUN,4.722526708597911,0.33988141280993955
413,DoRothEA::JUNB,6.067877594709277,0.3195883073917639
414,DoRothEA::JUND,5.515945308816597,0.5040453062797043
415,DoRothEA::KAT7,5.339292098852742,0.10340520126194204
416,DoRothEA::KDM2A,5.747612860564035,0.10007442429705028
417,DoRothEA::KDM5B,5.365963890506698,0.2781626612661719
418,DoRothEA::KLF1,5.930638785886311,0.17472930837488715
419,DoRothEA::KLF10,-6.1864653465346535,0.3975735558090202
420,DoRothEA::KLF11,5.698220551378446,0.15004952046439007
421,DoRothEA::KLF12,-4.9823351592840375,0.05276810639217684
422,DoRothEA::KLF13,-5.701541201739222,0.14053937693220558
423,DoRothEA::KLF14,5.173839252424944,0.07875652687009424
424,DoRothEA::KLF15,5.031227682929258,0.13615741276841217
425,DoRothEA::KLF16,5.522069327562532,0.07790154262596254
426,DoRothEA::KLF2,-0.115011786892975,0.8424037132209248
427,DoRothEA::KLF3,5.437581329561527,0.3788292674527933
428,DoRothEA::KLF4,0.8448279113625647,0.7006260459677308
429,DoRothEA::KLF5,5.033804231735127,0.2543650020431072
430,DoRothEA::KLF6,5.857794908062235,0.3245058282193551
431,DoRothEA::KLF7,5.599198240302031,0.17288217312506804
432,DoRothEA::KLF8,4.947864286248705,0.08670661438132589
433,DoRothEA::KLF9,5.509735384252711,0.2463558657489409
434,DoRothEA::KMT2A,4.458451202263084,1.9246765159479902
435,DoRothEA::KMT2B,5.619267493135868,0.10748047388284966
436,DoRothEA::L3MBTL1,4.715451049985211,0.2358749281459418
437,DoRothEA::LBX1,5.168507880863274,0.06746469186890344
438,DoRothEA::LBX2,5.026286425201982,0.0758115416572699
439,DoRothEA::LEF1,4.697742978379471,0.48669801085553316
440,DoRothEA::LHX1,0.0,1.0
441,DoRothEA::LHX2,2.771065535124941,0.9553947320801042
442,DoRothEA::LHX3,5.092558017706533,0.07343956963690113
443,DoRothEA::LHX4,4.848559987427314,0.20565555058348886
444,DoRothEA::LHX6,4.917423289810402,0.14157482848660324
445,DoRothEA::LHX8,5.077594045118798,0.10316817295841896
446,DoRothEA::LHX9,5.266137238723872,0.0532530890634913
447,DoRothEA::LIN54,5.2917024686282845,0.07309835230188147
448,DoRothEA::LMX1A,5.379713850505929,0.10934037221125012
449,DoRothEA::LMX1B,5.064361348916847,0.12870227524629949
450,DoRothEA::LYL1,5.930691140542626,0.26620667117887453
451,DoRothEA::MAF,5.339845642949388,0.39654544366058475
452,DoRothEA::MAFA,4.096386138613862,0.2799991894415385
453,DoRothEA::MAFB,4.8985063649222065,0.2657912660177979
454,DoRothEA::MAFF,4.892696659775868,0.3291386545847721
455,DoRothEA::MAFG,4.982214864343577,0.19137493032981615
456,DoRothEA::MAFK,4.906632091780607,0.22801269977404642
457,DoRothEA::MAX,5.179104824768191,0.15161073154515028
458,DoRothEA::MAZ,5.921334595929326,0.192782158923936
459,DoRothEA::MBD1,-5.113128578163939,0.15389777015980113
460,DoRothEA::MBD2,4.930505152556073,0.4720049979208298
461,DoRothEA::MBD3,5.233925661213403,0.14785114440472286
462,DoRothEA::MBD4,5.858328955344514,0.28914901580662855
463,DoRothEA::MECOM,4.946700106082036,0.08961347376850541
464,DoRothEA::MECP2,3.646181046676096,1.290943587022358
465,DoRothEA::MEF2A,5.393278603922168,0.2020106891504562
466,DoRothEA::MEF2B,5.764780148822336,0.2334196270860929
467,DoRothEA::MEF2C,5.2653961967625325,0.1690402610023043
468,DoRothEA::MEF2D,5.27130989181659,0.054052397142412084
469,DoRothEA::MEIS1,4.324018544711614,0.25677277065693505
470,DoRothEA::MEIS2,4.788851485148514,0.21475547558587846
471,DoRothEA::MEIS3,5.087599296609198,0.12821500265010793
472,DoRothEA::MEOX1,5.2087199434229134,0.08082297155906928
473,DoRothEA::MEOX2,4.977273169939945,0.09388438618275106
474,DoRothEA::MESP1,5.166453276503446,0.2000388546923963
475,DoRothEA::MGA,5.230199034941088,0.11934082758835225
476,DoRothEA::MITF,6.040269751464944,0.2476753889534355
477,DoRothEA::MIXL1,5.003017268113366,0.06671170832136848
478,DoRothEA::MKX,4.638322101117675,0.2534649850185143
479,DoRothEA::MLX,5.565824606309904,0.14347531214961529
480,DoRothEA::MLXIP,5.273603411944693,0.047289972553126974
481,DoRothEA::MLXIPL,-4.9322297029702975,0.0962806037698561
482,DoRothEA::MNT,-5.756831683168317,0.21458392388384462
483,DoRothEA::MNX1,5.117377009129485,0.07502792016977795
484,DoRothEA::MSC,-3.008642149929279,1.1206226698875124
485,DoRothEA::MSX1,-5.305195316386159,0.12975208855978446
486,DoRothEA::MSX2,5.024895552412385,0.08855473281153872
487,DoRothEA::MTF1,5.475969819219377,0.07817181612502651
488,DoRothEA::MXD1,-5.6425646805752,0.34355495501684935
489,DoRothEA::MXD3,-5.107249277739324,0.1610023917137166
490,DoRothEA::MXD4,5.2070808727897795,0.09881097494426452
491,DoRothEA::MXI1,-5.7736080372743155,0.12408798716085576
492,DoRothEA::MYB,6.774667609618105,0.4454009221526144
493,DoRothEA::MYBL1,5.075567084658776,0.06346350112343714
494,DoRothEA::MYBL2,5.3560090821112185,0.40907557559252955
495,DoRothEA::MYC,5.522183187430712,0.15263065944824447
496,DoRothEA::MYCL,4.702019314246695,0.138089779803913
497,DoRothEA::MYCN,5.634560348892032,0.5318052888866012
498,DoRothEA::MYF6,5.069615739243354,0.06060538542694563
499,DoRothEA::MYNN,5.815740367606362,0.06843188764187974
500,DoRothEA::MYOD1,4.416370906321402,0.2534660006377144
501,DoRothEA::MYOG,5.268842880010841,0.06146922127651785
502,DoRothEA::MYRF,4.200701656900383,0.19173947622828413
503,DoRothEA::MYT1,2.8956223479490806,0.47107039352237723
504,DoRothEA::MYT1L,-3.9753503064592177,0.3429818468263026
505,DoRothEA::MZF1,4.831449275052667,0.15162766651155077
506,DoRothEA::NANOG,2.54009900990099,0.41247209159971415
507,DoRothEA::NCOA1,5.456511315417256,0.13170576003722292
508,DoRothEA::NCOA2,5.532300212164074,0.18627749409748695
509,DoRothEA::NCOA3,5.5141321479086685,0.16942790602333627
510,DoRothEA::NEUROD1,6.571304640668148,0.22319363568567963
511,DoRothEA::NEUROD2,5.065637003459383,0.049161152230245996
512,DoRothEA::NEUROD6,0.0,1.0
513,DoRothEA::NEUROG1,5.172402087499391,0.055103249826029585
514,DoRothEA::NEUROG2,5.301103740915963,0.05525932937024576
515,DoRothEA::NFAT5,5.635986289252543,0.06200685296894679
516,DoRothEA::NFATC1,6.243280292314946,0.22925902437019027
517,DoRothEA::NFATC2,6.301400282885432,0.7945182715984188
518,DoRothEA::NFATC3,5.414026232040498,0.06567421819453961
519,DoRothEA::NFATC4,4.8223480425964675,0.10848793624751937
520,DoRothEA::NFE2,5.269055427864215,0.18592761161271787
521,DoRothEA::NFE2L1,4.811589816124469,0.19800081453219256
522,DoRothEA::NFE2L2,5.492055162659123,0.3087100754381438
523,DoRothEA::NFE2L3,5.115490408415841,0.13856799867183411
524,DoRothEA::NFIA,4.8113437057991515,0.5144522855849232
525,DoRothEA::NFIB,4.867618825224841,0.17811196318797443
526,DoRothEA::NFIC,4.841462753418199,0.34357645015001176
527,DoRothEA::NFIL3,1.0776614804337576,1.6651508714274414
528,DoRothEA::NFIX,5.030585841192815,0.10416052714718772
529,DoRothEA::NFKB1,5.529038863069981,0.3564797092653579
530,DoRothEA::NFKB2,-3.7142888574571744,0.5616832098689871
531,DoRothEA::NFX1,5.582807177733429,0.134939008217881
532,DoRothEA::NFXL1,4.928013998388949,0.15541805583245927
533,DoRothEA::NFYA,6.343063020587774,0.3386963823465626
534,DoRothEA::NFYB,5.803207606474933,0.13854021546658413
535,DoRothEA::NFYC,7.186383107698525,0.3533587445003829
536,DoRothEA::NHLH1,5.102355362042228,0.06285458687391031
537,DoRothEA::NHLH2,2.9498868458274403,1.0293645185467117
538,DoRothEA::NKX2-1,5.346890577677622,0.05342255318421438
539,DoRothEA::NKX2-2,4.933861386138614,0.7352700226759461
540,DoRothEA::NKX2-3,4.833847041712257,0.051781892052102096
541,DoRothEA::NKX2-5,5.127669266518489,0.05804182272792965
542,DoRothEA::NKX2-8,4.99639822859837,0.04497604667432082
543,DoRothEA::NKX3-1,-6.152451673738802,0.9146963054018392
544,DoRothEA::NKX3-2,5.012690139934951,0.06311493056164345
545,DoRothEA::NKX6-1,5.050251552714327,0.04989982211640624
546,DoRothEA::NKX6-2,-5.170586650501785,0.0674829292326356
547,DoRothEA::NME2,4.483888610059163,0.1383632841184216
548,DoRothEA::NOBOX,4.9944186012007785,0.07125693112538806
549,DoRothEA::NOTO,5.297935024752475,0.0744500562087898
550,DoRothEA::NPAS1,4.496281327972284,0.15132690339525973
551,DoRothEA::NPAS2,5.0584870407890214,0.08634734816709144
552,DoRothEA::NPAS3,4.112972408115012,0.2447676946700938
553,DoRothEA::NPAS4,5.021612446958982,0.15786539445405523
554,DoRothEA::NR0B1,0.0,1.0
555,DoRothEA::NR1D1,4.787759734194443,0.07209057683973909
556,DoRothEA::NR1D2,5.020123762376238,0.10093340684765734
557,DoRothEA::NR1H2,6.30112729844413,0.39064893702502723
558,DoRothEA::NR1H3,5.027492422711659,0.4609185129199911
559,DoRothEA::NR1H4,4.16730198019802,0.3782154000423256
560,DoRothEA::NR1I2,5.071040193305045,0.12891958106697618
561,DoRothEA::NR1I3,5.017698903818953,0.07311440651329362
562,DoRothEA::NR2C1,-5.028739385635926,0.12884379846840874
563,DoRothEA::NR2C2,5.814604323069669,0.1048766081383686
564,DoRothEA::NR2E1,5.048150236182648,0.0669878355938477
565,DoRothEA::NR2E3,5.0411633119355885,0.0543026767402646
566,DoRothEA::NR2F1,5.1356651736602235,0.20314541755618473
567,DoRothEA::NR2F2,3.4905940594059404,0.5995240338621028
568,DoRothEA::NR2F6,-4.893314679294017,0.21471593523303403
569,DoRothEA::NR3C1,-6.277514144271569,0.5908838043460084
570,DoRothEA::NR3C2,4.7435307333073204,0.06894804558400017
571,DoRothEA::NR4A1,5.258472860678925,0.17398473910988196
572,DoRothEA::NR4A2,5.219840371792281,0.10831999773516794
573,DoRothEA::NR4A3,5.499567635334962,0.5309882686005611
574,DoRothEA::NR5A1,0.0,1.0
575,DoRothEA::NR5A2,4.4956067892503535,0.3102795959418204
576,DoRothEA::NR6A1,4.805664877642363,0.06570762100940294
577,DoRothEA::NRF1,5.609239953407105,0.1011892709384135
578,DoRothEA::NRL,5.013157432477941,0.13426837098572592
579,DoRothEA::OLIG1,5.101666666666667,0.07234479769055077
580,DoRothEA::OLIG2,5.116094564558497,0.04606733812856073
581,DoRothEA::OLIG3,5.178019889290517,0.07236921405800119
582,DoRothEA::ONECUT1,4.44117769671704,0.287781976408688
583,DoRothEA::ONECUT2,4.963710417688999,0.07531313786631344
584,DoRothEA::ONECUT3,5.045818676588156,0.06968866293114583
585,DoRothEA::OSR1,4.578875530410184,0.3695558120845855
586,DoRothEA::OSR2,5.00564148109163,0.2016783374438569
587,DoRothEA::OTX1,5.081100038575286,0.07455134260384327
588,DoRothEA::OTX2,4.7594441301272985,0.33978058179775017
589,DoRothEA::OVOL1,4.821768993736109,0.0664382240572813
590,DoRothEA::OVOL2,-4.089891621815243,0.20036032592776581
591,DoRothEA::PA2G4,-5.405572842998585,1.1534894130521784
592,DoRothEA::PATZ1,-4.81446465728724,0.1404125368372382
593,DoRothEA::PAX1,5.106680720269829,0.07839614053111939
594,DoRothEA::PAX2,4.968426553354678,0.0778349573879413
595,DoRothEA::PAX3,5.137137199434229,0.5232662808698932
596,DoRothEA::PAX4,5.077594045118798,0.10316817295841896
597,DoRothEA::PAX5,5.042540664780764,0.21171253937269388
598,DoRothEA::PAX6,3.3954384724186704,0.8892055411693761
599,DoRothEA::PAX7,5.073858934464875,0.11683423839477891
600,DoRothEA::PAX8,-0.3858203677510609,0.7406008151827608
601,DoRothEA::PAX9,5.087305185792277,0.0637813425942747
602,DoRothEA::PBX1,5.003356063888993,0.06223313741676804
603,DoRothEA::PBX2,5.516874947999002,0.2515261944904802
604,DoRothEA::PBX3,5.2652292550683635,0.222193170832258
605,DoRothEA::PBX4,4.976952102353093,0.16492955690441033
606,DoRothEA::PCGF2,4.066318022779722,0.35618750742174987
607,DoRothEA::PDX1,5.092846393210749,0.22470039042531303
608,DoRothEA::PEG3,4.462724942932765,0.25246676258789064
609,DoRothEA::PGR,5.225794436586516,0.7410441405330063
610,DoRothEA::PHOX2A,5.183101601654799,0.08726099222529321
611,DoRothEA::PHOX2B,5.292049026834273,0.08607231318253049
612,DoRothEA::PIN1,4.275927864214993,0.6780412730227507
613,DoRothEA::PITX1,-6.583085808580858,0.453470324024738
614,DoRothEA::PITX2,4.2880551626591235,0.9036165360366907
615,DoRothEA::PITX3,5.148746419509144,0.06229175822189879
616,DoRothEA::PKNOX1,4.686432107496464,0.23010104611312399
617,DoRothEA::PKNOX2,4.739192925244906,0.09661520978106086
618,DoRothEA::PLAG1,5.123500731516451,0.07993115135584354
619,DoRothEA::PLAGL1,4.850114537168003,0.13162480765089551
620,DoRothEA::PLAGL2,5.345821188275102,0.1434579361803071
621,DoRothEA::POU1F1,3.3250636492220647,1.610849561990825
622,DoRothEA::POU2AF1,6.525685997171146,0.9684409029932298
623,DoRothEA::POU2F1,5.91081522437958,0.40209699874853955
624,DoRothEA::POU2F2,6.612461103253183,0.7977613636447831
625,DoRothEA::POU2F3,4.929930828699308,0.08312343475712233
626,DoRothEA::POU3F1,5.0649016834456555,0.04273700848394355
627,DoRothEA::POU3F2,4.145594059405941,0.8453182493645207
628,DoRothEA::POU3F3,5.159189117231051,0.06522630196056971
629,DoRothEA::POU3F4,5.127484016973126,0.06159338997724889
630,DoRothEA::POU4F1,5.182348496096649,0.07175566158726056
631,DoRothEA::POU4F2,4.663903818953324,0.35839645116671437
632,DoRothEA::POU4F3,5.0601023775846965,0.06071927193268668
633,DoRothEA::POU5F1,3.9005477247232117,0.35575711782125896
634,DoRothEA::POU5F1B,5.127484016973126,0.06159338997724889
635,DoRothEA::POU6F1,5.156950615521219,0.10530325827252186
636,DoRothEA::POU6F2,5.036510944972048,0.0615544701543293
637,DoRothEA::PPARA,1.2568033946251767,0.40617215375894955
638,DoRothEA::PPARD,6.3106223479490815,0.24154335406082084
639,DoRothEA::PPARG,4.183639792550683,0.3488272330267081
640,DoRothEA::PRDM1,4.060835185559372,0.23746253185144697
641,DoRothEA::PRDM10,5.176282544263041,0.11045769705014902
642,DoRothEA::PRDM14,5.354927314159988,0.17557898761914112
643,DoRothEA::PRDM15,5.448364484407625,0.16565224210316193
644,DoRothEA::PRDM16,4.391981460901192,0.20796639281998394
645,DoRothEA::PRDM2,5.727176121520947,0.11622226681957917
646,DoRothEA::PRDM4,5.863387462243269,0.09220890886653688
647,DoRothEA::PRDM5,-4.448570984829575,0.13891513712970993
648,DoRothEA::PRDM6,4.966247519374425,0.08889631492481712
649,DoRothEA::PRDM8,4.645568907201279,0.20818572582163034
650,DoRothEA::PROP1,5.186913719943423,0.10626105996933788
651,DoRothEA::PROX1,5.634384724186705,0.28230979717849153
652,DoRothEA::PROX2,4.701582967319289,0.26746606129984596
653,DoRothEA::PRRX1,4.8800896175106825,0.10691405070528784
654,DoRothEA::PRRX2,5.269474867529397,0.10477171692791463
655,DoRothEA::PTF1A,5.314991356278485,0.057880085941469116
656,DoRothEA::PURA,4.98439207043628,0.1325304190069085
657,DoRothEA::PURB,5.504685943543575,0.11815978276577505
658,DoRothEA::PURG,4.345277133427628,0.1888401539003718
659,DoRothEA::RARA,4.784977899575671,0.5836638957517504
660,DoRothEA::RARB,6.029300166041449,0.239443577501875
661,DoRothEA::RARG,6.034804060237957,0.3309806638064877
662,DoRothEA::RAX,4.965957525379562,0.08648021830951787
663,DoRothEA::RAX2,5.266137238723872,0.0532530890634913
664,DoRothEA::RBAK,5.088008313146585,0.13976033048502853
665,DoRothEA::RBPJ,5.473023338048091,0.24155834463184278
666,DoRothEA::RBPJL,0.0,1.0
667,DoRothEA::REL,5.8474924227116585,1.1039101641502034
668,DoRothEA::RELA,4.501183919731259,0.36177008166008123
669,DoRothEA::RELB,6.92829702970297,0.5744120684332436
670,DoRothEA::REST,0.0,1.0
671,DoRothEA::RFX1,3.6948357692912146,0.23911444941605245
672,DoRothEA::RFX2,3.724979793897757,0.25671541424317734
673,DoRothEA::RFX3,-4.978745011756078,0.11109374985052797
674,DoRothEA::RFX4,5.078399880617157,0.14019085984397686
675,DoRothEA::RFX5,9.245385431400283,1.5358680901264474
676,DoRothEA::RFX7,5.107341981966054,0.09728790366903704
677,DoRothEA::RFX8,4.345594452302373,0.23310978818527364
678,DoRothEA::RHOXF1,5.251202198201471,0.06245885012802786
679,DoRothEA::RLF,5.644969829879449,0.16928708770913534
680,DoRothEA::RORA,5.371588854007352,0.05679998957810137
681,DoRothEA::RORB,5.091947457980026,0.055372947434355974
682,DoRothEA::RORC,4.7850107313503205,0.05824420042562489
683,DoRothEA::RREB1,5.25252843937068,0.06376645253101933
684,DoRothEA::RUNX1,3.7446676096181046,0.5714244651713888
685,DoRothEA::RUNX2,4.721182932578972,0.42135112726185264
686,DoRothEA::RUNX3,-0.5287249949484745,0.4871756800806467
687,DoRothEA::RXRA,4.309997171145685,0.4093767090951374
688,DoRothEA::RXRB,5.151617161716171,1.0474786907803137
689,DoRothEA::RXRG,4.9937365837424075,0.06734548543693569
690,DoRothEA::SALL1,-4.035414684325575,0.49093287561706833
691,DoRothEA::SALL2,4.413472863458853,0.20031939044061645
692,DoRothEA::SALL3,1.4910466760961811,0.9416929858373331
693,DoRothEA::SALL4,5.001733892601083,0.102520647376484
694,DoRothEA::SATB1,-4.801775452270502,0.08781553015369094
695,DoRothEA::SATB2,4.738413654325668,0.2288416183904129
696,DoRothEA::SCRT1,-5.17550078462004,0.07312247817051132
697,DoRothEA::SCRT2,5.19386984496769,0.08484462344990198
698,DoRothEA::SCX,4.9074273796427255,0.12726200874397367
699,DoRothEA::SETBP1,2.0144837340876944,1.9773468453372371
700,DoRothEA::SETDB1,4.6262293822183125,0.10898327456157883
701,DoRothEA::SHOX,5.266137238723872,0.0532530890634913
702,DoRothEA::SHOX2,5.2039647938383276,0.05488105445857859
703,DoRothEA::SIM1,4.026803394625176,5.904652059911446
704,DoRothEA::SIM2,4.456651343705799,0.31717135187705453
705,DoRothEA::SIX1,5.139307964631049,0.05077146970897929
706,DoRothEA::SIX2,4.9617482319660535,0.33214831525490435
707,DoRothEA::SIX3,4.9840203190826,0.0920456271458003
708,DoRothEA::SIX4,4.799747367593902,0.2216344409593488
709,DoRothEA::SIX5,4.906033817667481,0.20555532482066585
710,DoRothEA::SIX6,0.0,1.0
711,DoRothEA::SKI,4.518536067892503,0.9693724619860816
712,DoRothEA::SMAD1,5.747108139385367,0.5511231536441636
713,DoRothEA::SMAD3,4.484088704788847,0.603598829466473
714,DoRothEA::SMAD4,5.286830504479019,0.5586396185314009
715,DoRothEA::SMAD5,5.546605374823196,0.2805760620371818
716,DoRothEA::SMAD9,4.362664511349093,0.18066321201797217
717,DoRothEA::SNAI1,-4.672762174176601,0.528564153984691
718,DoRothEA::SNAI2,-4.794633663366337,0.23516612078312785
719,DoRothEA::SNAI3,-6.179802711798273,0.29973234737480786
720,DoRothEA::SNAPC4,5.188803293594666,0.18697426896881092
721,DoRothEA::SOHLH1,5.757694483734087,0.43253887171260547
722,DoRothEA::SOX1,4.990587905729348,0.07010625673387301
723,DoRothEA::SOX10,4.168783592644979,0.8145845288134828
724,DoRothEA::SOX11,4.219002828854314,0.5267774738782535
725,DoRothEA::SOX12,4.566917034855179,0.14759036226872355
726,DoRothEA::SOX13,5.363444130127299,0.29923510819012916
727,DoRothEA::SOX15,4.793093622363842,0.08749386338021627
728,DoRothEA::SOX17,5.0479816373707855,0.08632050674011572
729,DoRothEA::SOX18,5.068385951802727,0.35879177278698954
730,DoRothEA::SOX2,2.631867043847242,1.1808468753405694
731,DoRothEA::SOX21,5.1431123361905895,0.07259641172004755
732,DoRothEA::SOX3,5.14209078716902,0.08025486470178968
733,DoRothEA::SOX30,2.9688932107496466,0.48285576061080354
734,DoRothEA::SOX4,5.10693198163642,0.06092011910116776
735,DoRothEA::SOX5,4.777201025459689,0.07186270124888372
736,DoRothEA::SOX6,5.209496994342291,0.23788486258157918
737,DoRothEA::SOX7,5.828685749281849,0.3722555391516224
738,DoRothEA::SOX8,4.879645187469567,0.09105669565643768
739,DoRothEA::SOX9,6.571159830268741,1.735443092799058
740,DoRothEA::SP1,5.197503671204245,0.2064265947159967
741,DoRothEA::SP100,5.677191489361702,0.18893419180055038
742,DoRothEA::SP110,5.456870289279417,0.22511394042177896
743,DoRothEA::SP140,5.892665150443616,0.30054722123964084
744,DoRothEA::SP140L,5.40116039182791,0.15969154977092656
745,DoRothEA::SP2,5.721150636492221,0.18102968376322662
746,DoRothEA::SP3,4.574355820675235,0.4125944376537945
747,DoRothEA::SP4,5.468013694226565,0.14236970811421965
748,DoRothEA::SP5,4.727302373094453,0.268916657508255
749,DoRothEA::SP6,4.475566186870788,0.2644240352747711
750,DoRothEA::SP8,5.005707536373079,0.07465578286998109
751,DoRothEA::SPDEF,0.8574634606317775,0.8080065769286701
752,DoRothEA::SPI1,5.373557968700096,0.23916942983167835
753,DoRothEA::SPIB,4.725983592644979,0.291559029106579
754,DoRothEA::SPIC,5.115881483670755,0.06350222948505392
755,DoRothEA::SPZ1,5.1589363076989345,0.06736396603543769
756,DoRothEA::SREBF1,3.964213504057173,0.3342598447292323
757,DoRothEA::SREBF2,4.4372045776006175,0.47606479399965523
758,DoRothEA::SRF,7.075561056105611,0.8231012655732539
759,DoRothEA::SRY,5.116209618915227,0.060178818455146124
760,DoRothEA::ST18,-4.098524643673158,0.4970074210620007
761,DoRothEA::STAT1,4.57992406759473,0.1758002990052557
762,DoRothEA::STAT2,6.0248999185632846,0.49401307087394847
763,DoRothEA::STAT3,5.758692665184886,0.39481762533216924
764,DoRothEA::STAT4,4.907103253182461,0.45250629956857735
765,DoRothEA::STAT5A,6.368170674210279,0.47533152537866796
766,DoRothEA::STAT5B,6.2530033003300325,0.6149106791378129
767,DoRothEA::STAT6,8.520685997171146,0.40191286745862553
768,DoRothEA::TAL1,4.576606660666067,0.20336660707365875
769,DoRothEA::TBP,5.590084079836555,0.18494035012822635
770,DoRothEA::TBPL1,5.104852083998723,0.11094183736553936
771,DoRothEA::TBR1,5.0339341384687915,0.06428141102625702
772,DoRothEA::TBX1,5.011882855784019,0.09057760427508282
773,DoRothEA::TBX15,4.9885854121126405,0.06460014556410813
774,DoRothEA::TBX18,-4.3632770181780085,0.29251059402957996
775,DoRothEA::TBX19,5.133805504672247,0.07406039913579396
776,DoRothEA::TBX2,4.863042345598022,0.10630939966524401
777,DoRothEA::TBX20,4.957175604206384,0.08226378246179454
778,DoRothEA::TBX21,5.379786657237152,0.38840354499213825
779,DoRothEA::TBX3,-4.996408471674235,0.0841914662091892
780,DoRothEA::TBX4,5.112665746714044,0.08554688507818936
781,DoRothEA::TBX5,5.1085657983274055,0.08678899698454463
782,DoRothEA::TBX6,4.504895364536454,0.17121758202241583
783,DoRothEA::TCF12,4.946644978783592,0.16738500812598403
784,DoRothEA::TCF15,4.225643564356436,0.37971008878202134
785,DoRothEA::TCF21,4.817672841294456,0.1372346680372441
786,DoRothEA::TCF23,-3.7119481872999334,0.4368915186375478
787,DoRothEA::TCF3,3.8387670909948137,0.19274887792991913
788,DoRothEA::TCF4,5.206715296019398,0.247809871207998
789,DoRothEA::TCF7,5.540036370984037,0.17927363986139888
790,DoRothEA::TCF7L1,4.847356987560638,0.08215544038964141
791,DoRothEA::TCF7L2,3.686770391324847,0.44130016925191057
792,DoRothEA::TCFL5,5.006961480433758,0.13359593787663912
793,DoRothEA::TEAD1,4.48729783794706,0.25428714919350026
794,DoRothEA::TEAD2,5.3782403240324035,0.29141174532572167
795,DoRothEA::TEAD3,5.081494208075656,0.08716386316172281
796,DoRothEA::TEAD4,5.324711029242459,0.2534019353359482
797,DoRothEA::TEF,5.176733098658953,0.05672939732308597
798,DoRothEA::TERF1,5.1955331941357406,0.10428087836579535
799,DoRothEA::TERF2,5.263059378206728,0.11288715068825189
800,DoRothEA::TET1,4.164039943422914,0.23305081340646913
801,DoRothEA::TFAP2A,5.394282386221816,0.34687809965761973
802,DoRothEA::TFAP2B,5.148420379853111,0.05871512244752781
803,DoRothEA::TFAP2C,1.8271829325789724,1.0902036872483252
804,DoRothEA::TFAP2E,4.897163449538231,0.20879389155897954
805,DoRothEA::TFAP4,4.621222630834511,0.27123445715226796
806,DoRothEA::TFCP2,4.096958981612446,0.8452251479051582
807,DoRothEA::TFCP2L1,-4.7507938589507015,0.22101948451343392
808,DoRothEA::TFDP1,6.0402700270027,0.8923888810894108
809,DoRothEA::TFDP2,5.178549254185521,0.07178159373355024
810,DoRothEA::TFE3,5.598077603340444,0.08825090623004042
811,DoRothEA::TFEB,5.316213803049699,0.04415471033859716
812,DoRothEA::TFEC,5.707432580533361,0.22530981699413485
813,DoRothEA::TGIF1,5.44629413207586,0.16356838965713308
814,DoRothEA::TGIF2,-5.669613112571761,0.18892667143720318
815,DoRothEA::THAP1,5.828878655307391,0.1343480217022793
816,DoRothEA::THAP10,4.715067243258283,0.258856791352128
817,DoRothEA::THAP11,-5.070180067457295,0.18095445030827298
818,DoRothEA::THAP2,4.620047077202389,0.26088013343188016
819,DoRothEA::THAP3,5.071910837965084,0.13521496356551815
820,DoRothEA::THAP4,6.018536481545729,0.12616724888220032
821,DoRothEA::THAP5,5.051465172027408,0.09857546112185205
822,DoRothEA::THAP6,4.445877235942203,0.1757339487864009
823,DoRothEA::THAP7,5.493115897367327,0.1292137268020651
824,DoRothEA::THAP8,4.831484105084981,0.21778714054296935
825,DoRothEA::THAP9,4.2213053498627175,0.27900053827699633
826,DoRothEA::THRA,5.084085291691541,0.06528040081852822
827,DoRothEA::THRB,5.181932364665038,0.0550632139417652
828,DoRothEA::TLX1,4.840222772277228,0.9172898274425123
829,DoRothEA::TP53,2.929887548648387,0.15604477995150326
830,DoRothEA::TP63,3.1040405469118335,0.4084247804633791
831,DoRothEA::TP73,5.28073745305565,0.23810500706344565
832,DoRothEA::TRERF1,4.612950777934937,0.16092227325397712
833,DoRothEA::TRPS1,-5.164593263790665,0.17552609130597915
834,DoRothEA::TSC22D1,-5.369876771849847,0.23628968123069924
835,DoRothEA::TSHZ1,5.22086317475285,0.1354936936364385
836,DoRothEA::TSHZ2,4.892516508624658,0.240158104558352
837,DoRothEA::TSHZ3,4.869483600651171,0.19257445825462524
838,DoRothEA::TWIST1,3.714586280056577,0.6136342954907491
839,DoRothEA::TWIST2,-0.14243752946723243,0.29960918068915016
840,DoRothEA::UBP1,5.443747615466047,0.08153866261134998
841,DoRothEA::UNCX,5.023637813242241,0.08634312051208771
842,DoRothEA::USF1,6.775613578500707,0.24976294194825127
843,DoRothEA::USF2,6.703650054081038,0.4918468861018572
844,DoRothEA::VAX1,5.005973494865015,0.0720589219393122
845,DoRothEA::VAX2,5.005973494865015,0.0720589219393122
846,DoRothEA::VDR,5.850870658494421,0.6719102106828378
847,DoRothEA::VENTX,5.389890273648357,0.1680164384966063
848,DoRothEA::VEZF1,5.462661879989452,0.08663689000232318
849,DoRothEA::VSX1,5.065497684222204,0.09956231205853344
850,DoRothEA::VSX2,5.077594045118798,0.10316817295841896
851,DoRothEA::WIZ,5.539997171145687,0.1271241719420268
852,DoRothEA::WT1,0.6453371051390854,0.6859300028926976
853,DoRothEA::XBP1,5.343012729844413,0.5156576801169003
854,DoRothEA::YBX1,-2.4810366919044844,0.2236478245298989
855,DoRothEA::YBX2,4.144001257268584,0.21773681765844366
856,DoRothEA::YBX3,-5.71773569124467,0.13414961568411787
857,DoRothEA::YY1,0.7915052482691879,0.12209793093320492
858,DoRothEA::YY2,5.461436961353633,0.09492846399587156
859,DoRothEA::ZBED1,5.936272341519866,0.16272570086610874
860,DoRothEA::ZBED2,4.174396174311309,0.49439647205275883
861,DoRothEA::ZBED3,5.112485502121641,0.14473611442763876
862,DoRothEA::ZBED4,5.362024423221543,0.14750912731671573
863,DoRothEA::ZBED5,4.86980081158299,0.17780197206136783
864,DoRothEA::ZBED6,-5.803230979244104,0.1045300465398197
865,DoRothEA::ZBTB1,-5.028720136299344,0.19483992027195446
866,DoRothEA::ZBTB11,5.98196456487754,0.1635770671017736
867,DoRothEA::ZBTB12,4.6575039246467815,0.31510736452240246
868,DoRothEA::ZBTB14,4.819128173013594,0.13055811098289488
869,DoRothEA::ZBTB16,3.757906647807638,0.28221806474777955
870,DoRothEA::ZBTB17,5.468023085210075,0.07166701795442407
871,DoRothEA::ZBTB18,-5.070050058078434,0.0431633806646567
872,DoRothEA::ZBTB2,6.057068739298743,0.1447206241029764
873,DoRothEA::ZBTB20,5.13843748231966,0.1686136557861346
874,DoRothEA::ZBTB21,5.664514482504151,0.2827262204093554
875,DoRothEA::ZBTB22,5.289714888820282,0.11001065819172336
876,DoRothEA::ZBTB24,5.221156896465363,0.12482922032175037
877,DoRothEA::ZBTB25,4.835809881480759,0.19473067134129393
878,DoRothEA::ZBTB26,4.595498343978142,0.25387835073920456
879,DoRothEA::ZBTB32,5.1702343907860175,0.32739343728881715
880,DoRothEA::ZBTB33,5.34813177746346,0.17283584618726092
881,DoRothEA::ZBTB34,5.274145901094388,0.13194154362942145
882,DoRothEA::ZBTB37,4.761949671459009,0.15789955308221507
883,DoRothEA::ZBTB38,5.413925329388206,0.08526102829037431
884,DoRothEA::ZBTB39,5.252570319216796,0.16921660157595256
885,DoRothEA::ZBTB4,-5.008923444491688,0.1064711830897027
886,DoRothEA::ZBTB40,5.437117136329018,0.13708010701351311
887,DoRothEA::ZBTB41,4.854756820415698,0.1195808674586304
888,DoRothEA::ZBTB42,5.329438327276246,0.14247977917569013
889,DoRothEA::ZBTB43,5.548060842818975,0.23550479562565038
890,DoRothEA::ZBTB44,5.373760384562153,0.112998618562382
891,DoRothEA::ZBTB45,5.383906037194903,0.16046573641117262
892,DoRothEA::ZBTB46,4.7765560633353825,0.12727989461106404
893,DoRothEA::ZBTB47,5.219367698674629,0.15294721074602188
894,DoRothEA::ZBTB48,4.9975866638345945,0.1478734845299722
895,DoRothEA::ZBTB49,4.478517611343016,0.21017241807622983
896,DoRothEA::ZBTB5,5.376888895303524,0.2009531363526259
897,DoRothEA::ZBTB6,5.111236553717484,0.10694198311703491
898,DoRothEA::ZBTB7A,-5.70120356870852,0.16467268191399015
899,DoRothEA::ZBTB7B,-5.300739463998756,0.07620204539590221
900,DoRothEA::ZBTB7C,4.956318666615696,0.07148408081433225
901,DoRothEA::ZBTB8B,5.040907953432706,0.23397169336969173
902,DoRothEA::ZC3H8,-5.267417770348464,0.13857816953294433
903,DoRothEA::ZEB1,-5.917821782178217,0.31541584272620604
904,DoRothEA::ZEB2,-5.344567110846423,0.19493565673099375
905,DoRothEA::ZFAT,5.577506423856671,0.19359222027283277
906,DoRothEA::ZFHX2,4.157962497851922,0.28974134132766094
907,DoRothEA::ZFHX3,5.108020384702996,0.1310766901666976
908,DoRothEA::ZFHX4,4.248103364847763,0.20020509266473258
909,DoRothEA::ZFP1,5.279446001914136,0.09392760665086426
910,DoRothEA::ZFP14,4.188341335805822,0.25795558120321505
911,DoRothEA::ZFP2,4.0473954162970776,0.26088794174454033
912,DoRothEA::ZFP28,4.909261630272616,0.07634677877422814
913,DoRothEA::ZFP3,4.282565132089246,0.26471950552579165
914,DoRothEA::ZFP30,4.364897858153163,0.18140787297991648
915,DoRothEA::ZFP37,4.10083451202263,0.23597146551402273
916,DoRothEA::ZFP41,4.804864779217969,0.18276395951637045
917,DoRothEA::ZFP42,5.487995420421163,0.08360004494071041
918,DoRothEA::ZFP62,4.329063615545229,0.30699069482665725
919,DoRothEA::ZFP64,4.653004916818213,0.2760936181038457
920,DoRothEA::ZFP69,4.181558384409869,0.2918903583736021
921,DoRothEA::ZFP69B,5.2253443487205855,0.25720287574679407
922,DoRothEA::ZFP82,4.884106376709099,0.11817437158513973
923,DoRothEA::ZFP90,4.449446487505893,0.2219202130515276
924,DoRothEA::ZFP91,5.895039819671395,0.08681393007070397
925,DoRothEA::ZFP92,5.00314930064435,0.1680093876487013
926,DoRothEA::ZFPM1,5.505253596439783,0.0967172956210969
927,DoRothEA::ZFPM2,4.193996471878328,0.2019586943522913
928,DoRothEA::ZFX,6.10499004127818,0.08857243390460297
929,DoRothEA::ZFY,6.446216407355021,0.2567919671545248
930,DoRothEA::ZGLP1,-4.587425230100649,0.18519136220600413
931,DoRothEA::ZGPAT,-5.423123473061592,0.11078327518198731
932,DoRothEA::ZHX1,-5.522491927464055,0.11119410089829629
933,DoRothEA::ZHX2,-5.504074897285647,0.0867784896853122
934,DoRothEA::ZHX3,-5.191513718336119,0.08519393880495478
935,DoRothEA::ZIC1,5.170383076756465,0.044059349123055966
936,DoRothEA::ZIC2,0.06239509665252241,1.1144770131519541
937,DoRothEA::ZIC3,5.105803336498034,0.047314346869000226
938,DoRothEA::ZIC4,5.185055791293415,0.06294789961715748
939,DoRothEA::ZIC5,0.0,1.0
940,DoRothEA::ZIK1,4.1273450991154546,0.26984130075828294
941,DoRothEA::ZIM3,5.204923416711418,0.07644000335643697
942,DoRothEA::ZKSCAN1,5.016623327167881,0.19804238679984829
943,DoRothEA::ZKSCAN2,4.941373095393372,0.18482139559460237
944,DoRothEA::ZKSCAN3,3.9339502929884826,0.31099575463027296
945,DoRothEA::ZKSCAN4,4.067179849853117,0.28559328360317254
946,DoRothEA::ZKSCAN5,4.614668991529695,0.22575706020941474
947,DoRothEA::ZKSCAN7,3.7325349430331114,0.4060999088093814
948,DoRothEA::ZKSCAN8,5.321482902071719,0.1660860095188721
949,DoRothEA::ZNF10,4.727545806925295,0.20618145407248054
950,DoRothEA::ZNF100,4.713397953240702,0.12787011814318525
951,DoRothEA::ZNF101,5.231087885909965,0.12184447664303967
952,DoRothEA::ZNF107,4.6743440058291545,0.17467280715070604
953,DoRothEA::ZNF112,3.545758781235267,0.36943990725832404
954,DoRothEA::ZNF117,4.872749820094792,0.20789150041839455
955,DoRothEA::ZNF121,5.295341989143969,0.09727218243417235
956,DoRothEA::ZNF124,5.252108311055489,0.11864005685601771
957,DoRothEA::ZNF131,5.365823630058858,0.11317773211209432
958,DoRothEA::ZNF132,3.6466630612641104,0.45021906882417717
959,DoRothEA::ZNF133,4.452226082328409,0.2296454486826469
960,DoRothEA::ZNF134,5.167424048413596,0.10263557353076867
961,DoRothEA::ZNF135,4.0876918188713285,0.34481791201905515
962,DoRothEA::ZNF136,4.966213811730717,0.10255507700789825
963,DoRothEA::ZNF138,4.191212502494772,0.24198029785882133
964,DoRothEA::ZNF14,4.108140365056914,0.27518274452962044
965,DoRothEA::ZNF140,4.834716432916958,0.09520597645306107
966,DoRothEA::ZNF141,5.02002118631316,0.22400001984219733
967,DoRothEA::ZNF142,5.268016437012364,0.13639572843614078
968,DoRothEA::ZNF143,5.608007518796993,0.1463612020678143
969,DoRothEA::ZNF146,5.481419594655776,0.10015292878563135
970,DoRothEA::ZNF148,-6.83541018387553,0.7081407874774737
971,DoRothEA::ZNF154,5.314596888260255,0.2216411604900124
972,DoRothEA::ZNF155,5.091391416327134,0.19788684347034957
973,DoRothEA::ZNF16,5.705840745979359,0.17528829702814366
974,DoRothEA::ZNF160,5.195035360678926,0.18562370378900625
975,DoRothEA::ZNF165,5.24011391872778,0.13025777501980884
976,DoRothEA::ZNF169,4.614402786355094,0.23539396620986022
977,DoRothEA::ZNF17,3.935484334147701,0.23253570079600724
978,DoRothEA::ZNF174,-4.519048727483913,0.24477665884910269
979,DoRothEA::ZNF175,5.281593690424943,0.17447225763570542
980,DoRothEA::ZNF18,4.625884728933104,0.11000776156214724
981,DoRothEA::ZNF180,4.31594532674343,0.22704198365355657
982,DoRothEA::ZNF181,4.075383381075203,0.31007760108179194
983,DoRothEA::ZNF182,4.608089393603897,0.24230716912709724
984,DoRothEA::ZNF184,4.578541708421854,0.21229097194789276
985,DoRothEA::ZNF189,4.769922690899227,0.1483155697332668
986,DoRothEA::ZNF19,3.5107227984703226,0.32171134583402045
987,DoRothEA::ZNF195,4.8180525845226665,0.13966314915888153
988,DoRothEA::ZNF197,5.277787064420727,0.06888108139012428
989,DoRothEA::ZNF2,3.9270667905660996,0.34634542110607996
990,DoRothEA::ZNF200,4.821127851915626,0.1966614536512432
991,DoRothEA::ZNF202,-4.891260349951528,0.2083401067671135
992,DoRothEA::ZNF205,4.930220383880493,0.14344413072084214
993,DoRothEA::ZNF207,5.9200979785478545,0.1480956015434331
994,DoRothEA::ZNF208,3.444775106082037,0.48589876368002916
995,DoRothEA::ZNF211,4.366091500956818,0.26703031848676634
996,DoRothEA::ZNF212,4.616906727869552,0.18088175909466386
997,DoRothEA::ZNF213,5.02945666854548,0.17551558084298388
998,DoRothEA::ZNF214,4.511052378707259,0.15384429778075648
999,DoRothEA::ZNF215,4.842434005069531,0.2748609244619123
1000,DoRothEA::ZNF217,5.70473631036573,0.38916294530998663
1001,DoRothEA::ZNF219,5.2307611177315705,0.09642725682090653
1002,DoRothEA::ZNF22,5.6450113115632305,0.09431789984700188
1003,DoRothEA::ZNF221,4.493008425066109,0.3022649736568208
1004,DoRothEA::ZNF222,3.789302430243024,0.2830982172320407
1005,DoRothEA::ZNF223,3.082468961181833,0.5348732355089196
1006,DoRothEA::ZNF224,-4.916663972519701,0.201829926355181
1007,DoRothEA::ZNF225,3.8083366775215723,0.28522306125064634
1008,DoRothEA::ZNF226,4.499732772219021,0.23645029558978312
1009,DoRothEA::ZNF227,4.90014658608718,0.16905757746290312
1010,DoRothEA::ZNF229,4.220920084865629,0.2619410928378886
1011,DoRothEA::ZNF23,5.032519316866751,0.22461640987396045
1012,DoRothEA::ZNF230,4.508970057971592,0.24077279423986161
1013,DoRothEA::ZNF232,4.3856834826339774,0.30656432372238007
1014,DoRothEA::ZNF233,3.7882927032199016,0.37647601857323587
1015,DoRothEA::ZNF234,4.583945685997171,0.26466616642195473
1016,DoRothEA::ZNF235,4.189297072564399,0.29652409095748145
1017,DoRothEA::ZNF236,4.6001844803841285,0.18747745503828833
1018,DoRothEA::ZNF239,4.989611133202796,0.3115202784909052
1019,DoRothEA::ZNF24,-4.317687955608748,0.2275491768893554
1020,DoRothEA::ZNF248,4.323998780830464,0.28044786352142376
1021,DoRothEA::ZNF25,4.89531491019722,0.08389134626978313
1022,DoRothEA::ZNF250,4.820261762818949,0.10584756644687464
1023,DoRothEA::ZNF251,4.610696629761499,0.24117644931151572
1024,DoRothEA::ZNF253,4.021798580818466,0.2760533169418232
1025,DoRothEA::ZNF254,4.69852516311539,0.1517425887886066
1026,DoRothEA::ZNF256,-4.20197171145686,0.3767976773925993
1027,DoRothEA::ZNF257,5.078160022351442,0.07113259376895614
1028,DoRothEA::ZNF26,4.902020059148772,0.22342293473577726
1029,DoRothEA::ZNF260,4.685736773865356,0.12017582635688986
1030,DoRothEA::ZNF263,-5.0321493075524195,0.10103768576783236
1031,DoRothEA::ZNF264,4.967892130425787,0.07749823750037003
1032,DoRothEA::ZNF266,5.452176282289884,0.2537491860725749
1033,DoRothEA::ZNF267,5.728134438412123,0.17200219934755148
1034,DoRothEA::ZNF268,-4.430141559129458,0.14995172217796654
1035,DoRothEA::ZNF273,4.424919313359907,0.26397010918168756
1036,DoRothEA::ZNF274,-4.447558698727016,0.28109130655217496
1037,DoRothEA::ZNF275,5.4618838096863875,0.11846665087048172
1038,DoRothEA::ZNF276,5.109694227748805,0.1407681821966026
1039,DoRothEA::ZNF277,5.971499450163574,0.10655942904430989
1040,DoRothEA::ZNF28,4.78343985618074,0.24852743396381924
1041,DoRothEA::ZNF280B,4.389642774908721,0.27824285895129275
1042,DoRothEA::ZNF280C,4.928344729740283,0.134136634813281
1043,DoRothEA::ZNF280D,4.524593735447164,0.1792465035806517
1044,DoRothEA::ZNF281,-5.685746468328639,0.10702373252835819
1045,DoRothEA::ZNF282,5.158419688046996,0.10242099236746029
1046,DoRothEA::ZNF283,4.6137043776165125,0.20287895600859582
1047,DoRothEA::ZNF284,4.252955941649603,0.24960778453767604
1048,DoRothEA::ZNF285,3.3670279710186763,0.5704353203302286
1049,DoRothEA::ZNF286A,4.799672344353079,0.1462280243635666
1050,DoRothEA::ZNF286B,4.384384724186705,0.18048719958773513
1051,DoRothEA::ZNF287,4.930276902567104,0.1564620799131593
1052,DoRothEA::ZNF292,5.159734755176962,0.13757532822185084
1053,DoRothEA::ZNF296,5.001760870908979,0.10441733184989327
1054,DoRothEA::ZNF3,5.171068085539501,0.15793275332446796
1055,DoRothEA::ZNF30,4.004010176527857,0.2932932783423766
1056,DoRothEA::ZNF300,-4.720852278607651,0.18832112850063684
1057,DoRothEA::ZNF302,4.508516946932788,0.26570412767911633
1058,DoRothEA::ZNF304,-4.915714533859401,0.3021375425621699
1059,DoRothEA::ZNF311,4.084904602484915,0.3597213991647479
1060,DoRothEA::ZNF316,5.3912239757810365,0.12979213523338948
1061,DoRothEA::ZNF317,5.362155656243591,0.1147505958435445
1062,DoRothEA::ZNF318,5.722615673015443,0.13106826760561446
1063,DoRothEA::ZNF319,4.882988192018654,0.19559056473677097
1064,DoRothEA::ZNF32,5.458911901394221,0.15337738260688813
1065,DoRothEA::ZNF320,4.631875843111304,0.16157051506789766
1066,DoRothEA::ZNF322,4.9279063892286326,0.10513984334018103
1067,DoRothEA::ZNF324,5.355904946876046,0.07918108098441855
1068,DoRothEA::ZNF324B,5.199895104256969,0.21015049485692555
1069,DoRothEA::ZNF329,4.8144808204737,0.14932414336316346
1070,DoRothEA::ZNF331,5.301168005858337,0.19491782500559188
1071,DoRothEA::ZNF333,5.23209657807886,0.19894143471878348
1072,DoRothEA::ZNF334,3.887643669128817,0.32274076984774974
1073,DoRothEA::ZNF335,5.38003656050334,0.10738632025132985
1074,DoRothEA::ZNF337,5.165993718606956,0.2632433893347576
1075,DoRothEA::ZNF33A,5.014539296338347,0.10868448278797956
1076,DoRothEA::ZNF33B,4.646117820244757,0.17919438910660176
1077,DoRothEA::ZNF34,5.1886541561132855,0.16809746358068256
1078,DoRothEA::ZNF341,5.0347024138010985,0.15903263890371322
1079,DoRothEA::ZNF343,5.3648482802531445,0.16495535033711115
1080,DoRothEA::ZNF345,4.656259739170043,0.2362212204048669
1081,DoRothEA::ZNF347,4.5799887083546285,0.18113478936359184
1082,DoRothEA::ZNF35,5.312908638482896,0.165838108172121
1083,DoRothEA::ZNF350,5.084979381237923,0.0884105243073781
1084,DoRothEA::ZNF354A,4.876590425593082,0.09184018459244776
1085,DoRothEA::ZNF354B,5.082033168114192,0.18684316315876523
1086,DoRothEA::ZNF354C,-4.815534929969903,0.13784488799919778
1087,DoRothEA::ZNF358,5.369002178383899,0.08006400487580119
1088,DoRothEA::ZNF362,4.903251199895841,0.12036303859967151
1089,DoRothEA::ZNF366,4.737674310756602,0.3098812556952377
1090,DoRothEA::ZNF37A,4.836030361169073,0.172896188253277
1091,DoRothEA::ZNF382,-6.412666980983812,0.41710585208478107
1092,DoRothEA::ZNF383,-4.520687441219813,0.19533769132294196
1093,DoRothEA::ZNF384,5.7293450697110515,0.12517592383337925
1094,DoRothEA::ZNF391,3.9132518796992484,0.31800426722204256
1095,DoRothEA::ZNF394,5.617734944240014,0.20248029655024172
1096,DoRothEA::ZNF396,-4.423828956254698,0.17589572182772903
1097,DoRothEA::ZNF397,-4.729428427331435,0.18034984442997315
1098,DoRothEA::ZNF398,5.137478856608797,0.14166333633613395
1099,DoRothEA::ZNF404,4.231136660604836,0.3646431508745891
1100,DoRothEA::ZNF407,5.5125538658084166,0.1398109214735091
1101,DoRothEA::ZNF408,5.427102209200512,0.11220503079558683
1102,DoRothEA::ZNF41,4.815946084442086,0.14854925159415716
1103,DoRothEA::ZNF410,5.259598614902102,0.08545468064933916
1104,DoRothEA::ZNF414,5.210120325605104,0.14459058385443543
1105,DoRothEA::ZNF415,4.362837661124603,0.2854614106942261
1106,DoRothEA::ZNF416,4.662212724967079,0.2505996710787624
1107,DoRothEA::ZNF417,4.667390762117687,0.24626063902168352
1108,DoRothEA::ZNF418,4.80238601767771,0.0885546398225959
1109,DoRothEA::ZNF419,4.322014310674764,0.2819007080636257
1110,DoRothEA::ZNF420,4.2868669976241325,0.24670878269810273
1111,DoRothEA::ZNF423,5.067525996839316,0.1248587643223575
1112,DoRothEA::ZNF425,4.360111386138614,0.29910087824204135
1113,DoRothEA::ZNF426,4.879801024503995,0.2281573983757614
1114,DoRothEA::ZNF429,3.9873344932470496,0.3749012913564914
1115,DoRothEA::ZNF43,4.343267242036436,0.1499102397450786
1116,DoRothEA::ZNF430,5.224502323701758,0.10084520602283481
1117,DoRothEA::ZNF431,-4.833318931223479,0.15627090031409233
1118,DoRothEA::ZNF432,4.92308990297526,0.2308756310451362
1119,DoRothEA::ZNF433,4.417073651242676,0.2513058627658248
1120,DoRothEA::ZNF436,-4.983348833904917,0.07038323483468734
1121,DoRothEA::ZNF438,-4.808160929377742,0.17111037764893117
1122,DoRothEA::ZNF439,4.45028340290475,0.2252733773384225
1123,DoRothEA::ZNF44,4.367540172921696,0.20106710689816823
1124,DoRothEA::ZNF440,4.528603073382399,0.09393372732428366
1125,DoRothEA::ZNF441,4.679451660457796,0.13702539538500697
1126,DoRothEA::ZNF442,5.375770219879131,0.2091186297520238
1127,DoRothEA::ZNF443,3.911047833354764,0.2996894483327532
1128,DoRothEA::ZNF444,4.981420379410113,0.14575871598850604
1129,DoRothEA::ZNF445,4.886590185804295,0.16793701528439586
1130,DoRothEA::ZNF446,5.134765348584548,0.13642677424704447
1131,DoRothEA::ZNF449,5.068438278776857,0.07171401378359993
1132,DoRothEA::ZNF45,4.789845238553872,0.17176539514785777
1133,DoRothEA::ZNF451,5.365033458233041,0.149088329782491
1134,DoRothEA::ZNF454,3.3848097595473834,0.4518620600415951
1135,DoRothEA::ZNF460,5.526064232796906,0.24549029197436628
1136,DoRothEA::ZNF461,4.27022050556704,0.21031850423465862
1137,DoRothEA::ZNF462,4.4346308345120224,0.2046452933402107
1138,DoRothEA::ZNF467,5.340103419072066,0.1046257199409398
1139,DoRothEA::ZNF468,5.236417005946846,0.12910435917534202
1140,DoRothEA::ZNF469,5.5616564020271335,0.2155935594160672
1141,DoRothEA::ZNF470,3.787375631440695,0.4095239051745232
1142,DoRothEA::ZNF471,4.721943856039739,0.24246561576252829
1143,DoRothEA::ZNF48,5.304790270056905,0.11268663163093628
1144,DoRothEA::ZNF480,4.7754902404526165,0.20890705330435813
1145,DoRothEA::ZNF483,5.3303960396039605,0.15602819276947757
1146,DoRothEA::ZNF484,4.859042506291445,0.12396449574432461
1147,DoRothEA::ZNF485,4.670895639874547,0.33381314515072075
1148,DoRothEA::ZNF487,4.195936181046676,0.2323798371761407
1149,DoRothEA::ZNF490,4.9180636953446895,0.07025283689940143
1150,DoRothEA::ZNF491,3.8169099308358097,0.3124171717920437
1151,DoRothEA::ZNF493,4.418378452463187,0.3248218038011751
1152,DoRothEA::ZNF496,5.049267035527082,0.18512195974886525
1153,DoRothEA::ZNF497,4.266534473665284,0.2409986613085347
1154,DoRothEA::ZNF500,4.831159997327067,0.17248066054737252
1155,DoRothEA::ZNF501,4.039786692955009,0.2670495020923871
1156,DoRothEA::ZNF502,4.781256511894576,0.10565941761276554
1157,DoRothEA::ZNF506,4.818519476608172,0.21077221287095607
1158,DoRothEA::ZNF507,5.0799722604354365,0.12080695303316329
1159,DoRothEA::ZNF510,4.661330920365899,0.1761053556219656
1160,DoRothEA::ZNF511,5.182143099418308,0.12605256239932136
1161,DoRothEA::ZNF512,4.547543572214364,0.20627043152444272
1162,DoRothEA::ZNF512B,5.029187615904448,0.14780675857958173
1163,DoRothEA::ZNF513,5.723143493432438,0.08949188454739318
1164,DoRothEA::ZNF514,4.877537516817884,0.29835902083560517
1165,DoRothEA::ZNF516,5.197845964319935,0.16817569751815664
1166,DoRothEA::ZNF517,4.857140749369054,0.1716749099470412
1167,DoRothEA::ZNF518A,4.39906923686619,0.2263389260452773
1168,DoRothEA::ZNF518B,5.530643595239124,0.1105416649183579
1169,DoRothEA::ZNF519,4.234409476661952,0.2122059525651105
1170,DoRothEA::ZNF521,4.402952677308547,0.21848336685746084
1171,DoRothEA::ZNF524,5.5839989396633625,0.1246267047182937
1172,DoRothEA::ZNF525,4.52558183538316,0.21677394172732042
1173,DoRothEA::ZNF526,5.030872826198876,0.25699283808847867
1174,DoRothEA::ZNF527,3.85652104905147,0.2549107208221709
1175,DoRothEA::ZNF528,5.064780087777685,0.08050733789134058
1176,DoRothEA::ZNF529,4.984232206972659,0.2368349618475558
1177,DoRothEA::ZNF530,4.704392285589744,0.1807001836117417
1178,DoRothEA::ZNF532,4.771633782225762,0.13770631115838794
1179,DoRothEA::ZNF536,3.6882380278844216,0.49737164148825413
1180,DoRothEA::ZNF540,-4.8655615453728664,0.26070452322901816
1181,DoRothEA::ZNF541,4.48989754960052,0.24743765266106618
1182,DoRothEA::ZNF543,3.9996400054752024,0.3749244887233476
1183,DoRothEA::ZNF544,4.155409630404034,0.2614738670219478
1184,DoRothEA::ZNF546,4.112095507509935,0.31447861313883035
1185,DoRothEA::ZNF547,4.804587943266376,0.0697501160638824
1186,DoRothEA::ZNF548,5.422157251019219,0.1917965696195246
1187,DoRothEA::ZNF549,4.729320876448546,0.08870672160451094
1188,DoRothEA::ZNF550,4.271523584035422,0.2602745334089631
1189,DoRothEA::ZNF551,4.310505281531192,0.29980126848800936
1190,DoRothEA::ZNF552,4.658756702082168,0.10484917748213234
1191,DoRothEA::ZNF554,4.807491605212866,0.08933822552135566
1192,DoRothEA::ZNF555,4.7936130755932735,0.22494766422286094
1193,DoRothEA::ZNF556,5.163045333589049,0.21193449076977663
1194,DoRothEA::ZNF557,4.437349182592678,0.2449176339988298
1195,DoRothEA::ZNF558,5.1080605912703945,0.2004360801879844
1196,DoRothEA::ZNF559,4.155609784507862,0.2555347810854523
1197,DoRothEA::ZNF561,4.84425801051866,0.23534128215187655
1198,DoRothEA::ZNF562,5.271144390605962,0.10810048462720004
1199,DoRothEA::ZNF563,4.852357232627288,0.05848874440021538
1200,DoRothEA::ZNF565,4.376608824645531,0.22878485253504113
1201,DoRothEA::ZNF566,4.501206249196349,0.18962659193235992
1202,DoRothEA::ZNF567,4.797185407826497,0.18057287773136244
1203,DoRothEA::ZNF568,-4.458725963505442,0.1887999905431751
1204,DoRothEA::ZNF569,4.461231330760195,0.19780524183179532
1205,DoRothEA::ZNF57,4.705968789548128,0.09993889118768763
1206,DoRothEA::ZNF570,4.511633043003548,0.18699417064197585
1207,DoRothEA::ZNF571,4.373178495419635,0.235348967407549
1208,DoRothEA::ZNF572,3.435946172081997,0.37519781108984107
1209,DoRothEA::ZNF573,4.998214851485149,0.1714141889643382
1210,DoRothEA::ZNF574,5.362063377216843,0.1665904680239555
1211,DoRothEA::ZNF575,4.881258223525738,0.17374217872949704
1212,DoRothEA::ZNF576,5.155946933377126,0.20099815084006695
1213,DoRothEA::ZNF577,4.889154549740688,0.225943997286401
1214,DoRothEA::ZNF578,5.4615700141442725,0.5714407797476105
1215,DoRothEA::ZNF579,5.659207171426698,0.09648041354638458
1216,DoRothEA::ZNF580,5.298308410737981,0.09666562653673542
1217,DoRothEA::ZNF581,6.359164810038427,0.1519283511927868
1218,DoRothEA::ZNF582,4.790888668017382,0.07358039751648317
1219,DoRothEA::ZNF583,4.58519049139937,0.16072104615094063
1220,DoRothEA::ZNF584,5.4407902152341485,0.12492054786748587
1221,DoRothEA::ZNF585A,4.357363346130531,0.2885929292387399
1222,DoRothEA::ZNF585B,4.006112027869453,0.3399264951153326
1223,DoRothEA::ZNF586,5.02041579998336,0.07473508069891426
1224,DoRothEA::ZNF587,4.658997469253652,0.18262732665760087
1225,DoRothEA::ZNF589,5.54163221768112,0.13335778906237958
1226,DoRothEA::ZNF592,5.230083686940122,0.21754333367229636
1227,DoRothEA::ZNF594,3.8094703529962453,0.4135672421595981
1228,DoRothEA::ZNF595,5.435980271496538,0.2244303308545956
1229,DoRothEA::ZNF596,4.362888357801297,0.18091121799971174
1230,DoRothEA::ZNF597,5.091974789915967,0.24893075800631295
1231,DoRothEA::ZNF599,4.143342589829101,0.27542225638141554
1232,DoRothEA::ZNF600,4.963351182056981,0.20144081391375404
1233,DoRothEA::ZNF605,4.100429573704769,0.34001977696946456
1234,DoRothEA::ZNF606,-4.100771047935011,0.24615820750484424
1235,DoRothEA::ZNF607,3.907265757788264,0.350089655421627
1236,DoRothEA::ZNF610,3.968433168316832,0.2977455344524162
1237,DoRothEA::ZNF611,4.820950035916082,0.1269021240092724
1238,DoRothEA::ZNF613,4.306087593453223,0.23929047904848696
1239,DoRothEA::ZNF614,5.227336762247654,0.18340107693987798
1240,DoRothEA::ZNF615,4.611483076424112,0.16631187240306639
1241,DoRothEA::ZNF616,4.251914437212171,0.3083379612091398
1242,DoRothEA::ZNF618,4.406218830674276,0.16544215625257688
1243,DoRothEA::ZNF619,4.357041675972109,0.2989916157578426
1244,DoRothEA::ZNF620,3.8236023226382794,0.2981586885387136
1245,DoRothEA::ZNF621,5.007024773905963,0.17555929739623147
1246,DoRothEA::ZNF623,4.41231293338393,0.2823228750551115
1247,DoRothEA::ZNF624,4.4505143310827044,0.18311691634944138
1248,DoRothEA::ZNF626,4.142419243854887,0.34134480717817023
1249,DoRothEA::ZNF627,4.5526154603037945,0.16432703296221654
1250,DoRothEA::ZNF628,5.653801048472194,0.09954950917369931
1251,DoRothEA::ZNF629,5.4138528825685315,0.11323926665859314
1252,DoRothEA::ZNF639,-6.117414427157002,0.1353936494118203
1253,DoRothEA::ZNF641,4.872322946017887,0.1464678352498731
1254,DoRothEA::ZNF644,5.434862486248624,0.0749692868726372
1255,DoRothEA::ZNF646,5.0327626267091,0.16260808074636832
1256,DoRothEA::ZNF649,-5.763434716541152,0.10864181212246947
1257,DoRothEA::ZNF652,4.826343242052543,0.08992670810836953
1258,DoRothEA::ZNF653,-5.291629682140253,0.11165147980760537
1259,DoRothEA::ZNF654,5.41431215946514,0.14407147708309204
1260,DoRothEA::ZNF655,5.499249338120625,0.15237875040375298
1261,DoRothEA::ZNF658,-3.867143571500007,0.29945800531706523
1262,DoRothEA::ZNF660,3.8959212387404154,0.2354390400998239
1263,DoRothEA::ZNF662,4.436138329839868,0.24307065115120033
1264,DoRothEA::ZNF664,5.352284423931115,0.10773911422507915
1265,DoRothEA::ZNF665,4.009947985581968,0.29964756151930033
1266,DoRothEA::ZNF667,4.946369042978539,0.08662151902563553
1267,DoRothEA::ZNF668,5.4576144859383895,0.16738622129915057
1268,DoRothEA::ZNF669,5.742891671520093,0.16812708450218763
1269,DoRothEA::ZNF670,5.388704064476529,0.1644837125544569
1270,DoRothEA::ZNF671,4.212832851608143,0.2799942958856925
1271,DoRothEA::ZNF672,5.638519538010259,0.10319049996411599
1272,DoRothEA::ZNF674,4.222173433729927,0.2052934262172638
1273,DoRothEA::ZNF675,4.564212876449272,0.12455875179746274
1274,DoRothEA::ZNF676,3.089031117397454,1.100021994968102
1275,DoRothEA::ZNF677,4.77767550971125,0.1660305526682924
1276,DoRothEA::ZNF678,4.473980405009142,0.1654823455637667
1277,DoRothEA::ZNF680,4.693308509071508,0.1300310918163881
1278,DoRothEA::ZNF681,4.245628548177714,0.2531121142153839
1279,DoRothEA::ZNF682,4.420038391594261,0.23620947731297548
1280,DoRothEA::ZNF683,-5.392289057477176,0.2922666847723853
1281,DoRothEA::ZNF684,4.196696460969957,0.22967069760274259
1282,DoRothEA::ZNF687,5.585297883514352,0.10591955489392497
1283,DoRothEA::ZNF689,5.205571985770006,0.15481764526937147
1284,DoRothEA::ZNF69,4.396201555869873,0.1995468609483612
1285,DoRothEA::ZNF691,4.3246324915190355,0.333343556388123
1286,DoRothEA::ZNF692,4.818529257687674,0.178958374818597
1287,DoRothEA::ZNF696,4.478167112406812,0.2715537440234613
1288,DoRothEA::ZNF697,5.02838289375156,0.14085236156018785
1289,DoRothEA::ZNF699,5.524357881502436,0.12829542519394513
1290,DoRothEA::ZNF7,4.847036303630363,0.17769936306747253
1291,DoRothEA::ZNF70,4.380735502121641,0.2950564711197266
1292,DoRothEA::ZNF700,4.8590481595197845,0.1791345340598137
1293,DoRothEA::ZNF701,4.230607304330763,0.26950928317103423
1294,DoRothEA::ZNF707,4.943929572202503,0.14070822672246566
1295,DoRothEA::ZNF708,4.915387948767177,0.07160836081020923
1296,DoRothEA::ZNF71,5.068925529483703,0.14173106458913134
1297,DoRothEA::ZNF710,5.497415856793053,0.1255434915200987
1298,DoRothEA::ZNF711,4.46744470696072,0.14296373742087412
1299,DoRothEA::ZNF713,3.963937814834115,0.26242203515478807
1300,DoRothEA::ZNF714,4.6514877008646085,0.2120802690177363
1301,DoRothEA::ZNF717,3.9947450538704663,0.27502406242581556
1302,DoRothEA::ZNF718,4.531860186018602,0.3350335309765507
1303,DoRothEA::ZNF721,5.058990613347049,0.1832564317843173
1304,DoRothEA::ZNF726,4.157491429530362,0.4123830598687481
1305,DoRothEA::ZNF736,4.644435585437212,0.18365799429462523
1306,DoRothEA::ZNF737,4.194612249243358,0.3424422171409971
1307,DoRothEA::ZNF74,4.47702536907093,0.2536166348845396
1308,DoRothEA::ZNF740,6.072325592006205,0.1678122292874221
1309,DoRothEA::ZNF746,-5.38689084959493,0.09400299736416434
1310,DoRothEA::ZNF749,5.393698962753419,0.2634717144539285
1311,DoRothEA::ZNF750,4.80491827754204,0.1275826203301612
1312,DoRothEA::ZNF75A,4.283491144262674,0.18505711108881723
1313,DoRothEA::ZNF75D,4.802731362038718,0.20174963968501547
1314,DoRothEA::ZNF76,4.883963531400002,0.13825758834358315
1315,DoRothEA::ZNF761,4.920095473833097,0.18055555880906765
1316,DoRothEA::ZNF763,4.389730565493524,0.24636835524887044
1317,DoRothEA::ZNF764,4.871451320956272,0.17735133046946225
1318,DoRothEA::ZNF765,4.691678718433641,0.1740645749809558
1319,DoRothEA::ZNF766,5.316909009972788,0.09072696739843511
1320,DoRothEA::ZNF768,4.899004622266738,0.12339532003232767
1321,DoRothEA::ZNF77,4.342185783362389,0.1913268251467135
1322,DoRothEA::ZNF770,5.5758656726558495,0.06554859815921625
1323,DoRothEA::ZNF771,5.067050991297677,0.11025634399026628
1324,DoRothEA::ZNF772,4.144710201357214,0.34487492198668374
1325,DoRothEA::ZNF773,4.646120586848601,0.32357598343335575
1326,DoRothEA::ZNF774,3.8099337093778227,0.3236491367124743
1327,DoRothEA::ZNF775,4.789001055783234,0.1480688796435359
1328,DoRothEA::ZNF776,4.233047374357689,0.2389458246858242
1329,DoRothEA::ZNF777,5.494920113929201,0.12963207411326527
1330,DoRothEA::ZNF778,5.311913793648064,0.14730998937990958
1331,DoRothEA::ZNF780A,4.135707253990705,0.30859789017372924
1332,DoRothEA::ZNF780B,4.083541066244111,0.3203330005704685
1333,DoRothEA::ZNF781,4.140730124960548,0.2986467309903548
1334,DoRothEA::ZNF782,4.305657422885146,0.23467781483410868
1335,DoRothEA::ZNF784,5.184993518968101,0.0928520817210515
1336,DoRothEA::ZNF785,4.436420200329071,0.26211837101966395
1337,DoRothEA::ZNF786,4.304533269920879,0.30849574385367373
1338,DoRothEA::ZNF787,5.9225170532535305,0.10693999083979637
1339,DoRothEA::ZNF789,4.481429738998159,0.2139176318922685
1340,DoRothEA::ZNF79,4.965997264816359,0.20889052112170614
1341,DoRothEA::ZNF790,3.30104713984279,0.39959993659979665
1342,DoRothEA::ZNF791,5.376897498998455,0.2031506480307779
1343,DoRothEA::ZNF792,4.715916750858759,0.2232193799966333
1344,DoRothEA::ZNF793,3.9582589823608214,0.3001304856643978
1345,DoRothEA::ZNF799,4.4544954961661585,0.17256053241297006
1346,DoRothEA::ZNF8,5.217237495927852,0.0776055359509528
1347,DoRothEA::ZNF800,5.680719609681675,0.15050184614300763
1348,DoRothEA::ZNF805,5.643959658077609,0.18169228322521808
1349,DoRothEA::ZNF808,4.431135300343221,0.2114910326365192
1350,DoRothEA::ZNF81,5.143440661627582,0.15015674140094085
1351,DoRothEA::ZNF813,4.739175484680584,0.2233519513886205
1352,DoRothEA::ZNF814,4.570282298802626,0.2276734597224624
1353,DoRothEA::ZNF816,4.651406246851791,0.17192558532642324
1354,DoRothEA::ZNF823,4.489185604274713,0.14281759239650552
1355,DoRothEA::ZNF827,4.55144343186579,0.19980089254275404
1356,DoRothEA::ZNF829,4.3327767776777675,0.19488175973444768
1357,DoRothEA::ZNF83,5.575767272331628,0.1290997628014949
1358,DoRothEA::ZNF835,4.145409649008118,0.3117734624579466
1359,DoRothEA::ZNF836,4.938247731023102,0.17505521093493645
1360,DoRothEA::ZNF837,4.732790871382483,0.14601582397361126
1361,DoRothEA::ZNF84,4.559459805808722,0.24550369744822648
1362,DoRothEA::ZNF841,5.106068173781664,0.1818562654363961
1363,DoRothEA::ZNF844,4.672133799846151,0.18004628669228484
1364,DoRothEA::ZNF845,5.025333535394356,0.16004400493397997
1365,DoRothEA::ZNF846,4.541317836670886,0.22108388219920236
1366,DoRothEA::ZNF85,-4.768514601144059,0.09255022042594557
1367,DoRothEA::ZNF853,4.700269490856204,0.15072764566886274
1368,DoRothEA::ZNF860,4.467079978153403,0.3252791234029482
1369,DoRothEA::ZNF879,3.7776837715284133,0.40974364501018873
1370,DoRothEA::ZNF880,5.224964197312589,0.15819813624219198
1371,DoRothEA::ZNF883,3.5591000052386192,0.2906270425715358
1372,DoRothEA::ZNF891,4.738694950272888,0.21387900487907532
1373,DoRothEA::ZNF90,4.329052584886552,0.2295055556766216
1374,DoRothEA::ZNF91,-4.526189076709235,0.18714852549115624
1375,DoRothEA::ZNF92,4.902169079668801,0.16512041876835074
1376,DoRothEA::ZNF93,-4.165308345120226,0.5131218379360317
1377,DoRothEA::ZSCAN1,4.267647336162187,0.2578409807057035
1378,DoRothEA::ZSCAN12,4.458422997912036,0.18178620059118075
1379,DoRothEA::ZSCAN16,4.734749412156866,0.14623405129271547
1380,DoRothEA::ZSCAN2,4.641671145685997,0.24219367123577934
1381,DoRothEA::ZSCAN20,4.605144732081181,0.3330249768306678
1382,DoRothEA::ZSCAN21,4.471805123369479,0.2812088412011985
1383,DoRothEA::ZSCAN22,5.027997475893457,0.16151858004131556
1384,DoRothEA::ZSCAN25,5.092867504358409,0.16891661792533663
1385,DoRothEA::ZSCAN26,3.940554107116469,0.3044364114397315
1386,DoRothEA::ZSCAN29,5.120358942223336,0.13342449803901754
1387,DoRothEA::ZSCAN30,4.301722269369795,0.3039778913604092
1388,DoRothEA::ZSCAN31,4.874131791330393,0.09500561383575323
1389,DoRothEA::ZSCAN32,4.3796667029340295,0.22247608633796773
1390,DoRothEA::ZSCAN4,4.992981005122304,0.07249253744016963
1391,DoRothEA::ZSCAN5A,5.144197913052761,0.20920206168029873
1392,DoRothEA::ZSCAN9,4.5441373905730345,0.22061788955999245
1393,DoRothEA::ZXDA,4.7494596668969224,0.14878442779578283
1394,DoRothEA::ZXDB,5.5635168235230115,0.1585823750265114
1395,DoRothEA::ZXDC,4.9775462239432375,0.12704092924745838
1396,DoRothEA::ZZZ3,5.166363911901394,0.14160367580514877
